Image URL,Web page URL,Labels
https://d3d00swyhr67nd.cloudfront.net/w1200h1200/collection/LSE/CUMU/LSE_CUMU_TN07034-001.jpg,https://artuk.org/discover/artworks/nativity-193727/view_as/grid/search/keyword:nativity/page/2,
https://d3d00swyhr67nd.cloudfront.net/w1200h1200/collection/GMIII/MCAG/GMIII_MCAG_1947_188-001.jpg,https://artuk.org/discover/artworks/the-adoration-of-the-shepherds-205045/view_as/grid/search/keyword:nativity/page/9,
https://d3d00swyhr67nd.cloudfront.net/w1200h1200/collection/HMPS/SCAG/HMPS_SCAG_1408-001.jpg,https://artuk.org/discover/artworks/winter-landscape-with-the-nativity-18110/view_as/grid/search/keyword:nativity/page/9,
https://d3d00swyhr67nd.cloudfront.net/w1200h1200/collection/CAM/CCF/CAM_CCF_PD_119_1961-001.jpg,https://artuk.org/discover/artworks/the-nativity-with-the-arrival-of-the-shepherds-266536/view_as/grid/search/keyword:nativity/page/9,
https://d3d00swyhr67nd.cloudfront.net/w944h944/collection/CW/MTE/CW_MTE_60-001.jpg,https://artuk.org/discover/artworks/the-adoration-of-the-shepherds-14855/view_as/grid/search/keyword:nativity/page/9,
https://d3d00swyhr67nd.cloudfront.net/w944h944/collection/GL/GM/GL_GM_158-001.jpg,https://artuk.org/discover/artworks/the-nativity-with-saint-sixtus-saint-jerome-and-a-cardinal-85501/view_as/grid/search/keyword:nativity/page/9,
https://d3d00swyhr67nd.cloudfront.net/w1200h1200/collection/CW/RCM/CW_RCM_TRURI_1000_96-001.jpg,https://artuk.org/discover/artworks/nativity-14318/view_as/grid/search/keyword:nativity/page/9,
https://d3d00swyhr67nd.cloudfront.net/w1200h1200/collection/WYR/BPM/WYR_BPM_B18-001.jpg,https://artuk.org/discover/artworks/the-adoration-of-the-shepherds-20988/view_as/grid/search/keyword:nativity/page/9,
https://d3d00swyhr67nd.cloudfront.net/w944h944/collection/VA/PC/VA_PC_2006AW0757-001.jpg,https://artuk.org/discover/artworks/the-nativity-the-virgin-saint-joseph-and-the-shepherds-adoring-the-infant-christ-31039/view_as/grid/search/keyword:nativity/page/3,
https://d3d00swyhr67nd.cloudfront.net/w1200h1200/collection/DUR/DBM/DUR_DBM_O_247-001.jpg,https://artuk.org/discover/artworks/nativity-scene-44889/view_as/grid/search/keyword:nativity/page/3,
https://d3d00swyhr67nd.cloudfront.net/w944h944/collection/BCN/LBL/BCN_LBL_06-001.jpg,https://artuk.org/discover/artworks/nativity-48339/view_as/grid/search/keyword:nativity/page/3,
https://d3d00swyhr67nd.cloudfront.net/w1200h1200/collection/CAM/CCF/CAM_CCF_ML_64_1999-001.jpg,https://artuk.org/discover/artworks/the-adoration-of-the-shepherds-4748/view_as/grid/search/keyword:nativity/page/3,
https://d3d00swyhr67nd.cloudfront.net/w1200h1200/collection/LSE/CUMU/LSE_CUMU_TN07034-001.jpg,https://artuk.org/discover/artworks/the-nativity-115770/view_as/grid/search/keyword:nativity/page/3,
https://d3d00swyhr67nd.cloudfront.net/w1200h1200/collection/BRM/BIFA/BRM_BIFA_51_5-001.jpg,https://artuk.org/discover/artworks/the-nativity-33150/view_as/grid/search/keyword:nativity/page/3,
https://d3d00swyhr67nd.cloudfront.net/w1200h1200/collection/NML/WARG/NML_WARG_WAG_8514-001.jpg,https://artuk.org/discover/artworks/the-nativity-98533/view_as/grid/search/keyword:nativity/page/3,
https://d3d00swyhr67nd.cloudfront.net/w1200h1200/collection/CW/RCM/CW_RCM_TRURI_1000_96-001.jpg,https://artuk.org/discover/artworks/nativity-14318/view_as/grid/search/keyword:nativity/page/3,
https://d3d00swyhr67nd.cloudfront.net/w1200h1200/collection/NY/YAG/NY_YAG_YORAG_814-001.jpg,https://artuk.org/discover/artworks/the-holy-family-8633/view_as/grid/search/keyword:nativity/page/3,
https://d3d00swyhr67nd.cloudfront.net/w1200h1200/collection/CAM/CCF/CAM_CCF_M_54-001.jpg,https://artuk.org/discover/artworks/the-nativity-5731/view_as/grid/search/keyword:nativity/page/3,
https://d3d00swyhr67nd.cloudfront.net/w800h800/collection/ASH/ASHM/ASH_ASHM_WA1855_570-001.jpg,https://artuk.org/discover/artworks/the-nativity-142720/view_as/grid/search/keyword:nativity/page/3,
https://d3d00swyhr67nd.cloudfront.net/w1200h1200/collection/ES/TAG/ES_TAG_EASTG_1269-001.jpg,https://artuk.org/discover/artworks/flight-into-egypt-73397/view_as/grid/search/keyword:nativity/page/3,
https://d3d00swyhr67nd.cloudfront.net/w944h944/collection/GL/GM/GL_GM_146-001.jpg,https://artuk.org/discover/artworks/the-nativity-of-christ-83994/view_as/grid/search/keyword:nativity/page/3,
https://d3d00swyhr67nd.cloudfront.net/w1200h1200/collection/NTII/BDCL/NTII_BDCL_343179_6-001.jpg,https://artuk.org/discover/artworks/the-nativity-130138/view_as/grid/search/keyword:nativity/page/3,
https://d3d00swyhr67nd.cloudfront.net/w1200h1200/collection/BRM/BMAG/BRM_BMAG_1973_P7-001.jpg,https://artuk.org/discover/artworks/nativity-34312/view_as/grid/search/keyword:nativity/page/3,
https://d3d00swyhr67nd.cloudfront.net/w1200h1200/collection/BRM/BMAG/BRM_BMAG_1992_P2-001.jpg,https://artuk.org/discover/artworks/the-nativity-33682/view_as/grid/search/keyword:nativity/page/3,
https://d3d00swyhr67nd.cloudfront.net/w1200h1200/collection/HRT/BUSMT/HRT_BUSMT_BUSMT_2019_21_6-001.jpg,https://artuk.org/discover/artworks/the-nativity-274903/view_as/grid/search/keyword:nativity/page/3,
https://d3d00swyhr67nd.cloudfront.net/w1200h1200/collection/BRM/BMAG/BRM_BMAG_1928P554-001.jpg,https://artuk.org/discover/artworks/the-nativity-left-wing-the-adoration-of-the-magi-centre-panel-the-presentation-at-the-temple-right-wing-34474/view_as/grid/search/keyword:nativity/page/3,
https://d3d00swyhr67nd.cloudfront.net/w1200h1200/collection/TWMS/LAG/TWMS_LAG_TWCMS_F4613b-001.jpg,https://artuk.org/discover/artworks/annunciation-left-wing-nativity-centre-panel-circumcision-right-wing-36235/view_as/grid/search/keyword:nativity/page/3,
https://d3d00swyhr67nd.cloudfront.net/w1200h1200/collection/DEV/TOP/DEV_TOP_869-001.jpg,https://artuk.org/discover/artworks/nativity-scene-96166/view_as/grid/search/keyword:nativity/page/3,
https://d3d00swyhr67nd.cloudfront.net/w1200h1200/collection/NTI/KHC/NTI_KHC_541114-001.jpg,https://artuk.org/discover/artworks/the-nativity-100336/view_as/grid/search/keyword:nativity/page/3,
https://d3d00swyhr67nd.cloudfront.net/w1200h1200/collection/GMII/BMAA/GMII_BMAA_BOLMG_1963_P_49-001.jpg,https://artuk.org/discover/artworks/adoration-of-the-shepherds-163784/view_as/grid/search/keyword:nativity/page/3,
https://d3d00swyhr67nd.cloudfront.net/w944h944/collection/TWMS/LAG/TWMS_LAG_TWCMS_C677-001.jpg,https://artuk.org/discover/artworks/the-nativity-37107/view_as/grid/search/keyword:nativity/page/3,
https://d3d00swyhr67nd.cloudfront.net/w1200h1200/collection/CIA/CIA/CIA_CIA_P_1966_GP_300_2-001.jpg,https://artuk.org/discover/artworks/nativity-with-angel-of-the-annunciation-207232/view_as/grid/search/keyword:nativity/page/3,
https://d3d00swyhr67nd.cloudfront.net/w800h800/collection/OU/CHCH/OU_CHCH_JBS_160-001.jpg,https://artuk.org/discover/artworks/the-nativity-230757/view_as/grid/search/keyword:nativity/page/4,
https://d3d00swyhr67nd.cloudfront.net/w800h800/collection/NG/NG/NG_NG_NG2492-001.jpg,https://artuk.org/discover/artworks/the-holy-family-with-angels-115632/view_as/grid/search/keyword:nativity/page/4,
https://d3d00swyhr67nd.cloudfront.net/w800h800/collection/NG/NG/NG_NG_NG564-001.jpg,https://artuk.org/discover/artworks/the-virgin-and-child-enthroned-with-scenes-of-the-nativity-and-the-lives-of-the-saints-115961/view_as/grid/search/keyword:nativity/page/4,
https://d3d00swyhr67nd.cloudfront.net/w1200h1200/collection/CAM/CCF/CAM_CCF_M_14-001.jpg,https://artuk.org/discover/artworks/virgin-adoring-the-child-4336/view_as/grid/search/keyword:nativity/page/4,
https://d3d00swyhr67nd.cloudfront.net/w1200h1200/collection/SYO/ROTMG/SYO_ROTMG_OP_1977_96-001.jpg,https://artuk.org/discover/artworks/nativity-69542/view_as/grid/search/keyword:nativity/page/4,
https://d3d00swyhr67nd.cloudfront.net/w944h944/collection/NLW/NLW/NLW_NLW_gcf05271-001.jpg,https://artuk.org/discover/artworks/triptych-part-3-the-nativity-121603/view_as/grid/search/keyword:nativity/page/4,
https://d3d00swyhr67nd.cloudfront.net/w1200h1200/collection/NML/WARG/NML_WARG_WAG_1193-001.jpg,https://artuk.org/discover/artworks/the-nativity-96994/view_as/grid/search/keyword:nativity/page/4,
https://d3d00swyhr67nd.cloudfront.net/w1200h1200/collection/GMIII/MCAG/GMIII_MCAG_1947_185-001.jpg,https://artuk.org/discover/artworks/the-nativity-with-saint-bridget-205800/view_as/grid/search/keyword:nativity/page/4,
https://d3d00swyhr67nd.cloudfront.net/w1200h1200/collection/NTIV/POLY/NTIV_POLY_1246459_L-001.jpg,https://artuk.org/discover/artworks/the-nativity-below-the-archangel-gabriel-above-217778/view_as/grid/search/keyword:nativity/page/4,
https://d3d00swyhr67nd.cloudfront.net/w1200h1200/collection/GLA/HAG/GLA_HAG_43811-001.jpg,https://artuk.org/discover/artworks/the-nativity-of-the-virgin-138919/view_as/grid/search/keyword:nativity/page/4,
https://d3d00swyhr67nd.cloudfront.net/w1200h1200/collection/ES/BRHM/ES_BRHM_BNS_031_026A-001.jpg,https://artuk.org/discover/artworks/triptych-with-the-nativity-and-saints-75632/view_as/grid/search/keyword:nativity/page/5,
https://d3d00swyhr67nd.cloudfront.net/w1200h1200/collection/ERY/FUP/ERY_FUP_U3-001.jpg,https://artuk.org/discover/artworks/nativity-scene-79559/view_as/grid/search/keyword:nativity/page/5,
https://d3d00swyhr67nd.cloudfront.net/w1200h1200/collection/CIA/CIA/CIA_CIA_P_1947_LF_13-001.jpg,https://artuk.org/discover/artworks/nativity-207484/view_as/grid/search/keyword:nativity/page/5,
https://d3d00swyhr67nd.cloudfront.net/w1200h1200/collection/CIA/CIA/CIA_CIA_P_1978_PG_81_1-001.jpg,https://artuk.org/discover/artworks/nativity-and-two-evangelists-and-angel-of-the-annunciation-207105/view_as/grid/search/keyword:nativity/page/9,
https://d3d00swyhr67nd.cloudfront.net/w1200h1200/collection/OU/CAMH/OU_CAMH_143-001.jpg,https://artuk.org/discover/artworks/the-nativity-set-in-a-hortus-conclusus-221849/view_as/grid/search/keyword:nativity/page/9,
https://d3d00swyhr67nd.cloudfront.net/w1200h1200/collection/WLC/WLC/WLC_WLC_P549-001.jpg,https://artuk.org/discover/artworks/the-nativity-209584/view_as/grid/search/keyword:nativity/page/9,
https://d3d00swyhr67nd.cloudfront.net/w1200h1200/collection/CIA/CIA/CIA_CIA_P_1947_LF_21-001.jpg,https://artuk.org/discover/artworks/virgin-and-child-with-an-angel-207038/view_as/grid/search/keyword:nativity/page/9,
https://d3d00swyhr67nd.cloudfront.net/w1200h1200/collection/ABD/AAG/ABD_AAG_008479-001.jpg,https://artuk.org/discover/artworks/the-birth-of-jesus-107495/view_as/grid/search/keyword:nativity/page/9,
https://d3d00swyhr67nd.cloudfront.net/w1200h1200/collection/NTIV/PET/NTIV_PET_49010-001.jpg,https://artuk.org/discover/artworks/the-nativity-219797/view_as/grid/search/keyword:nativity/page/9,
https://d3d00swyhr67nd.cloudfront.net/w1200h1200/collection/BST/BMAGG/BST_BMAGG_K1659-001.jpg,https://artuk.org/discover/artworks/the-madonna-adoring-the-infant-christ-188099/view_as/grid/search/keyword:nativity/page/9,
https://d3d00swyhr67nd.cloudfront.net/w800h800/collection/NG/NG/NG_NG_NG1034-001.jpg,https://artuk.org/discover/artworks/mystic-nativity-114785/view_as/grid/search/keyword:nativity/page/9,
https://d3d00swyhr67nd.cloudfront.net/w800h800/collection/NG/NG/NG_NG_NG573-001.jpg,https://artuk.org/discover/artworks/the-nativity-and-annunciation-to-the-shepherds-115774/view_as/grid/search/keyword:nativity/page/9,
https://d3d00swyhr67nd.cloudfront.net/w800h800/collection/NG/NG/NG_NG_NG5114-001.jpg,https://artuk.org/discover/artworks/the-birth-of-the-virgin-115476/view_as/grid/search/keyword:nativity/page/9,
https://d3d00swyhr67nd.cloudfront.net/w1200h1200/collection/STC/INV/STC_INV_1977_722-001.jpg,https://artuk.org/discover/artworks/nativity-183204/view_as/grid/search/keyword:nativity/page/9,
https://d3d00swyhr67nd.cloudfront.net/w1200h1200/collection/NGS/NGS/NGS_NGS_NG_1758-001.jpg,https://artuk.org/discover/artworks/the-nativity-with-two-angels-212574/view_as/grid/search/keyword:nativity/page/9,
https://d3d00swyhr67nd.cloudfront.net/w1200h1200/collection/NML/WARG/NML_WARG_WAG_2864-001.jpg,https://artuk.org/discover/artworks/the-adoration-of-the-shepherds-97772/view_as/grid/search/keyword:nativity/page/9,
https://d3d00swyhr67nd.cloudfront.net/w1200h1200/collection/NML/WARG/NML_WARG_WAG_2846-001.jpg,https://artuk.org/discover/artworks/the-nativity-of-the-baptist-97757/view_as/grid/search/keyword:nativity/page/9,
https://d3d00swyhr67nd.cloudfront.net/w1200h1200/collection/SFK/FEM/SFK_FEM_FX_12-001.jpg,https://artuk.org/discover/artworks/mary-and-joseph-10493/view_as/grid/search/keyword:nativity/page/9,
https://d3d00swyhr67nd.cloudfront.net/w944h944/collection/WMR/APH/WMR_APH_N070552-001.jpg,https://artuk.org/discover/artworks/the-angels-guiding-the-shepherds-to-the-nativity-144355/view_as/grid/search/keyword:nativity/page/9,
https://d3d00swyhr67nd.cloudfront.net/w1200h1200/collection/GMIII/MCAG/GMIII_MCAG_1926_34-001.jpg,https://artuk.org/discover/artworks/the-nativity-205105/view_as/grid/search/keyword:nativity/page/9,
https://d3d00swyhr67nd.cloudfront.net/w800h800/collection/CI/GMAG/CI_GMAG_GMAG_5890-001.jpg,https://artuk.org/discover/artworks/nativity-scene-136365/view_as/grid/search/keyword:nativity/page/9,
https://d3d00swyhr67nd.cloudfront.net/w1200h1200/collection/ES/BRHM/ES_BRHM_BNS_062_013-001.jpg,https://artuk.org/discover/artworks/nativity-74338/view_as/grid/search/keyword:nativity/page/9,
https://d3d00swyhr67nd.cloudfront.net/w944h944/collection/SS/TCT/SS_TCT_PCF_54-001.jpg,https://artuk.org/discover/artworks/nativity-208753/view_as/grid/search/keyword:nativity/page/9,
https://d3d00swyhr67nd.cloudfront.net/w944h944/collection/ERY/FG/ERY_FG_186998-001.jpg,https://artuk.org/discover/artworks/nativity-78311/view_as/grid/search/keyword:nativity/page/9,
https://d3d00swyhr67nd.cloudfront.net/w800h800/collection/NG/NG/NG_NG_NG3647-001.jpg,https://artuk.org/discover/artworks/the-nativity-115771/view_as/grid/search/keyword:nativity/page/9,
https://d3d00swyhr67nd.cloudfront.net/w800h800/collection/NG/NG/NG_NG_NG3114-001.jpg,https://artuk.org/discover/artworks/the-nativity-115773/view_as/grid/search/keyword:nativity/page/9,
https://d3d00swyhr67nd.cloudfront.net/w800h800/collection/OU/CHCH/OU_CHCH_JBS_136-001.jpg,https://artuk.org/discover/artworks/the-nativity-229145/view_as/grid/search/keyword:nativity/page/9,
https://d3d00swyhr67nd.cloudfront.net/w1200h1200/collection/DUR/DBM/DUR_DBM_60-001.jpg,https://artuk.org/discover/artworks/the-nativity-45591/view_as/grid/search/keyword:nativity/page/9,
https://d3d00swyhr67nd.cloudfront.net/w800h800/collection/ASH/ASHM/ASH_ASHM_WA1958_22-001.jpg,https://artuk.org/discover/artworks/the-adoration-of-the-shepherds-142309/view_as/grid/search/keyword:nativity/page/9,
https://d3d00swyhr67nd.cloudfront.net/w1200h1200/collection/DUR/DBM/DUR_DBM_31-001.jpg,https://artuk.org/discover/artworks/the-adoration-of-the-magi-with-a-donor-45950/view_as/grid/search/keyword:nativity/page/9,
https://d3d00swyhr67nd.cloudfront.net/w944h944/collection/HRT/BUSMT/HRT_BUSMT_2007_138_5-001.jpg,https://artuk.org/discover/artworks/nativity-scene-116935/view_as/grid/search/keyword:nativity/page/9,
https://d3d00swyhr67nd.cloudfront.net/w1200h1200/collection/NTII/FOR/NTII_WGMA_1288033-001.jpg,https://artuk.org/discover/artworks/nativity-248892/view_as/grid/search/keyword:nativity/page/9,
https://d3d00swyhr67nd.cloudfront.net/w800h800/collection/ASH/ASHM/ASH_ASHM_WA1933_23-001.jpg,https://artuk.org/discover/artworks/the-nativity-141563/view_as/grid/search/keyword:nativity/page/9,
https://d3d00swyhr67nd.cloudfront.net/w1200h1200/collection/NTII/HVHL/NTII_HVHL_1542204-001.jpg,https://artuk.org/discover/artworks/the-nativity-134175/view_as/grid/search/keyword:nativity/page/9,
https://d3d00swyhr67nd.cloudfront.net/w1200h1200/collection/CIA/CIA/CIA_CIA_d_1978_pg_79-001.jpg,https://artuk.org/discover/artworks/nativity-262766/view_as/grid/search/keyword:nativity/page/9,
https://d3d00swyhr67nd.cloudfront.net/w1200h1200/collection/ES/BRHM/ES_BRHM_BNS_019_008-001.jpg,https://artuk.org/discover/artworks/nativity-74181/view_as/grid/search/keyword:nativity/page/9,
https://d3d00swyhr67nd.cloudfront.net/w1200h1200/collection/NGS/NGS/NGS_NGS_NG_2396-001.jpg,https://artuk.org/discover/artworks/the-nativity-210697/view_as/grid/search/keyword:nativity/page/9,
https://d3d00swyhr67nd.cloudfront.net/w1200h1200/collection/CIA/CIA/CIA_CIA_P_1966_GP_255-001.jpg,https://artuk.org/discover/artworks/nativity-and-adoration-of-the-magi-207036/view_as/grid/search/keyword:nativity/page/9,
https://d3d00swyhr67nd.cloudfront.net/w1200h1200/collection/NTI/DYP/NTI_DYP_453820_1-001.jpg,https://artuk.org/discover/artworks/the-dyrham-triptych-the-nativity-by-night-with-shepherds-99896/view_as/grid/search/keyword:nativity/page/9,
https://d3d00swyhr67nd.cloudfront.net/w1200h1200/collection/BRM/BMAG/BRM_BMAG_1960P61-001.jpg,https://artuk.org/discover/artworks/nativity-33170/view_as/grid/search/keyword:nativity/page/9,
https://d3d00swyhr67nd.cloudfront.net/w944h944/collection/BCN/MUSL/BCN_MUSL_PCF_229-001.jpg,https://artuk.org/discover/artworks/nativity-48534/view_as/grid/search/keyword:nativity/page/9,
https://d3d00swyhr67nd.cloudfront.net/w800h800/collection/NG/NG/NG_NG_NG4647-001.jpg,https://artuk.org/discover/artworks/the-nativity-with-the-infant-baptist-and-shepherds-115778/view_as/grid/search/keyword:nativity/page/9,
https://d3d00swyhr67nd.cloudfront.net/w1200h1200/collection/BCN/LH/BCN_LH_066-001.jpg,https://artuk.org/discover/artworks/the-nativity-49274/view_as/grid/search/keyword:nativity/page/9,
https://d3d00swyhr67nd.cloudfront.net/w800h800/collection/NG/NG/NG_NG_NG6279-001.jpg,https://artuk.org/discover/artworks/the-nativity-with-god-the-father-and-the-holy-ghost-115776/view_as/grid/search/keyword:nativity/page/9,
https://d3d00swyhr67nd.cloudfront.net/w800h800/collection/NG/NG/NG_NG_NG4081-001.jpg,https://artuk.org/discover/artworks/the-nativity-at-night-115775/view_as/grid/search/keyword:nativity/page/9,
https://d3d00swyhr67nd.cloudfront.net/w1200h1200/collection/NTIII/KEDH/NTIII_KEDH_108837-001.jpg,https://artuk.org/discover/artworks/the-nativity-172124/view_as/grid/search/keyword:nativity/page/9,
https://d3d00swyhr67nd.cloudfront.net/w1200h1200/collection/NML/WARG/NML_WARG_WAG_2895-001.jpg,https://artuk.org/discover/artworks/nativity-97799/view_as/grid/search/keyword:nativity/page/9,
https://uploads5.wikiart.org/images/jacopo-bellini/triptych-of-the-nativity-1470.jpg,https://www.wikiart.org//en/jacopo-bellini/triptych-of-the-nativity-1470,
https://uploads2.wikiart.org/images/caravaggio/nativity-with-st-francis-and-st-lawrence-1609(1).jpg,https://www.wikiart.org//en/caravaggio/nativity-with-st-francis-and-st-lawrence-1609,
https://uploads0.wikiart.org/images/john-singleton-copley/the-nativity-1777.jpg,https://www.wikiart.org//en/john-singleton-copley/the-nativity-1777,
https://uploads3.wikiart.org/images/sandro-botticelli/the-mystical-nativity(1).jpg,https://www.wikiart.org//en/sandro-botticelli/the-mystical-nativity-1500-1,
https://uploads0.wikiart.org/images/el-greco/the-nativity.jpg,https://www.wikiart.org//en/el-greco/the-nativity,
https://uploads8.wikiart.org/images/piero-della-francesca/nativity-1475(2).jpg,https://www.wikiart.org//en/piero-della-francesca/nativity-1475,
https://uploads6.wikiart.org/images/piero-della-francesca/nativity-detail-1475(1).jpg,https://www.wikiart.org//en/piero-della-francesca/nativity-detail-1475,
https://uploads3.wikiart.org/images/giotto/nativity.jpg,https://www.wikiart.org//en/giotto/nativity,
https://uploads0.wikiart.org/images/giotto/nativity-birth-of-jesus.jpg,https://www.wikiart.org//en/giotto/nativity-birth-of-jesus,
https://uploads4.wikiart.org/images/william-blake/illustration-to-milton-s-on-the-morning-of-christ-s-nativity-1809.jpg,https://www.wikiart.org//en/william-blake/illustration-to-milton-s-on-the-morning-of-christ-s-nativity-1809,
https://uploads6.wikiart.org/images/william-blake/illustration-to-milton-s-on-the-morning-of-christ-s-nativity-1809-2.jpg,https://www.wikiart.org//en/william-blake/illustration-to-milton-s-on-the-morning-of-christ-s-nativity-1809-2,
https://uploads1.wikiart.org/images/william-blake/the-nativity-1800.jpg,https://www.wikiart.org//en/william-blake/the-nativity-1800,
https://uploads5.wikiart.org/images/vladimir-borovikovsky/the-nativity-of-christ.jpg,https://www.wikiart.org//en/vladimir-borovikovsky/the-nativity-of-christ,
https://uploads5.wikiart.org/images/lucas-cranach-the-elder/nativity-holy-night-christmas.jpg,https://www.wikiart.org//en/lucas-cranach-the-elder/nativity-holy-night-christmas,
https://uploads0.wikiart.org/images/paolo-uccello/oculus-depicting-the-nativity-1443.jpg,https://www.wikiart.org//en/paolo-uccello/oculus-depicting-the-nativity-1443,
https://uploads3.wikiart.org/images/pietro-perugino/madonna-of-loreta-nativity.jpg,https://www.wikiart.org//en/pietro-perugino/madonna-of-loreta-nativity,
https://uploads8.wikiart.org/images/pietro-perugino/nativity-1500.jpg,https://www.wikiart.org//en/pietro-perugino/nativity-1500,
https://uploads8.wikiart.org/images/pietro-perugino/nativity-1502.jpg,https://www.wikiart.org//en/pietro-perugino/nativity-1502,
https://uploads3.wikiart.org/images/pietro-perugino/nativity.jpg,https://www.wikiart.org//en/pietro-perugino/nativity,
https://uploads6.wikiart.org/images/pietro-perugino/pala-di-fano-nativity-of-mary.jpg,https://www.wikiart.org//en/pietro-perugino/pala-di-fano-nativity-of-mary,
https://uploads2.wikiart.org/images/pietro-perugino/pala-di-corciano-nativity.jpg,https://www.wikiart.org//en/pietro-perugino/pala-di-corciano-nativity,
https://uploads3.wikiart.org/images/pietro-perugino/the-nativity-of-the-virgin-st-joseph-and-the-shepherds-adoring-the-infant-christ.jpg,https://www.wikiart.org//en/pietro-perugino/the-nativity-of-the-virgin-st-joseph-and-the-shepherds-adoring-the-infant-christ,
https://uploads2.wikiart.org/images/albrecht-durer/the-nativity-1511.jpg,https://www.wikiart.org//en/albrecht-durer/the-nativity-1511,
https://uploads4.wikiart.org/images/gustave-dore/the-nativity.jpg,https://www.wikiart.org//en/gustave-dore/the-nativity,
https://uploads5.wikiart.org/images/fra-angelico/nativity-1441.jpg,https://www.wikiart.org//en/fra-angelico/nativity-1441,
https://uploads0.wikiart.org/images/hans-memling/nativity.jpg,https://www.wikiart.org//en/hans-memling/nativity,
https://uploads2.wikiart.org/images/hans-memling/nativity-1.jpg,https://www.wikiart.org//en/hans-memling/nativity-1,
https://uploads8.wikiart.org/images/hans-memling/the-nativity-left-wing-of-a-triptych-of-the-adoration-of-the-magi-1472.jpg,https://www.wikiart.org//en/hans-memling/the-nativity-left-wing-of-a-triptych-of-the-adoration-of-the-magi-1472,
https://uploads3.wikiart.org/images/ilya-repin/nativity-1890.jpg,https://www.wikiart.org//en/ilya-repin/nativity-1890,
https://uploads6.wikiart.org/images/filippo-lippi/nativity-1469.jpg,https://www.wikiart.org//en/filippo-lippi/nativity-1469,
https://uploads0.wikiart.org/images/giovanni-battista-tiepolo/nativity-1732.jpg,https://www.wikiart.org//en/giovanni-battista-tiepolo/nativity-1732,
https://uploads2.wikiart.org/images/albrecht-altdorfer/nativity-1507.jpg,https://www.wikiart.org//en/albrecht-altdorfer/nativity-1507,
https://uploads2.wikiart.org/images/albrecht-altdorfer/nativity-1525.jpg,https://www.wikiart.org//en/albrecht-altdorfer/nativity-1525,
https://uploads1.wikiart.org/images/matthias-grünewald/nativity-detail-from-the-cental-right-crucifixion-panel-of-the-isenheim-altarpiece-1.jpg,https://www.wikiart.org//en/matthias-grunewald/nativity-detail-from-the-cental-right-crucifixion-panel-of-the-isenheim-altarpiece-0,
https://uploads8.wikiart.org/images/matthias-grünewald/nativity-and-concert-of-angels-from-the-isenheim-altarpiece-central-panel.jpg,https://www.wikiart.org//en/matthias-grunewald/nativity-and-concert-of-angels-from-the-isenheim-altarpiece-central-panel-1516,
https://uploads3.wikiart.org/images/domenico-ghirlandaio/the-nativity.jpg,https://www.wikiart.org//en/domenico-ghirlandaio/the-nativity,
https://uploads5.wikiart.org/images/domenico-ghirlandaio/the-nativity-1.jpg,https://www.wikiart.org//en/domenico-ghirlandaio/the-nativity-1,
https://uploads5.wikiart.org/images/hans-baldung/nativity-1520.jpg,https://www.wikiart.org//en/hans-baldung/nativity-1520,
https://uploads1.wikiart.org/images/lorenzo-lotto/the-nativity-1527.jpg,https://www.wikiart.org//en/lorenzo-lotto/the-nativity-1527,
https://uploads2.wikiart.org/images/martin-schongauer/nativity-and-st-anthony.jpg,https://www.wikiart.org//en/martin-schongauer/nativity-and-st-anthony,
https://uploads5.wikiart.org/images/martin-schongauer/the-holy-family-1.jpg,https://www.wikiart.org//en/martin-schongauer/the-holy-family-1,
https://uploads0.wikiart.org/images/limbourg-brothers/the-nativity.jpg,https://www.wikiart.org//en/limbourg-brothers/the-nativity,
https://uploads2.wikiart.org/images/dirk-bouts/nativity-the-wing-of-polyptych.jpg,https://www.wikiart.org//en/dirk-bouts/nativity-the-wing-of-polyptych,
https://uploads7.wikiart.org/images/petrus-christus/annunciation-and-nativity-1452.jpg,https://www.wikiart.org//en/petrus-christus/annunciation-and-nativity-1452,
https://uploads8.wikiart.org/images/petrus-christus/nativity-1452.jpg,https://www.wikiart.org//en/petrus-christus/nativity-1452,
https://uploads6.wikiart.org/images/gerard-david/the-nativity-1.jpg,https://www.wikiart.org//en/gerard-david/the-nativity-1,
https://uploads0.wikiart.org/images/gentile-da-fabriano/gentile-da-fabriano-nativity.jpg,https://www.wikiart.org//en/gentile-da-fabriano/gentile-da-fabriano-nativity,
https://uploads1.wikiart.org/images/le-nain-brothers/nativity-with-the-torch.jpg,https://www.wikiart.org//en/le-nain-brothers/nativity-with-the-torch,
https://uploads6.wikiart.org/images/giorgio-vasari/the-nativity-with-the-adoration-of-the-shepherds.jpg,https://www.wikiart.org//en/giorgio-vasari/the-nativity-with-the-adoration-of-the-shepherds,
https://uploads5.wikiart.org/images/arthur-hughes/the-nativity.jpg,https://www.wikiart.org//en/arthur-hughes/the-nativity,
https://uploads2.wikiart.org/images/jacques-stella/the-nativity-1639.jpg,https://www.wikiart.org//en/jacques-stella/the-nativity-1639,
https://uploads3.wikiart.org/images/andrea-mantegna/the-nativity-1490.jpg,https://www.wikiart.org//en/andrea-mantegna/the-nativity-1490,
https://uploads0.wikiart.org/images/yov-kondzelevych/icon-the-nativity-of-virgin-mary-fragment-from-the-village-of-voshatyn-in-volhynia(1).jpg,https://www.wikiart.org//en/yov-kondzelevych/icon-the-nativity-of-virgin-mary-fragment-from-the-village-of-voshatyn-in-volhynia,
https://uploads7.wikiart.org/images/mario-tozzi/nativit.jpg,https://www.wikiart.org//en/mario-tozzi/nativit,
https://uploads5.wikiart.org/images/claricia/nativity.jpg,https://www.wikiart.org//en/claricia/nativity,
https://uploads3.wikiart.org/00103/images/maarten-de-vos/nativity-1577.jpg,https://www.wikiart.org//en/maarten-de-vos/nativity-1577,
https://uploads7.wikiart.org/00119/images/jacques-daret/nativity.jpg,https://www.wikiart.org//en/jacques-daret/nativity-1435,
https://uploads5.wikiart.org/00153/images/fra-bartolomeo/fra-bartolomeo-the-nativity-google-art-project.jpg,https://www.wikiart.org//en/fra-bartolomeo/the-nativity,
https://uploads1.wikiart.org/00207/images/giovanni-da-milano/giovanni-da-milano-polittico-di-prato-1353-1363-da-spedale-della-misericordia-predella-01-nativit.JPG,https://www.wikiart.org//en/giovanni-da-milano/da-spedale-della-misericordia-predella-1-nativita-1370,
https://uploads4.wikiart.org/00281/images/bartolome-esteban-murillo/the-nativity-with-the-annunciation-to-the-shepherds-beyond.jpg,https://www.wikiart.org//en/bartolome-esteban-murillo/the-nativity-with-the-annunciation-to-the-shepherds-beyond,
https://uploads3.wikiart.org/00288/images/defendente-ferrari/defendente-ferrari-nativity-in-nocturnal-light-wga07812.jpg,https://www.wikiart.org//en/defendente-ferrari/nativity-in-nocturnal-light,
https://uploads6.wikiart.org/00289/images/giambattista-pittoni/the-nativity-with-god-the-father-and-the-holy-ghost-1740.jpg,https://www.wikiart.org//en/giambattista-pittoni/the-nativity-with-god-the-father-and-the-holy-ghost-1740,
https://uploads6.wikiart.org/00289/images/eleanor-fortescue-brickdale/eleanor-fortescue-brickdale-the-nativity.jpg,https://www.wikiart.org//en/eleanor-fortescue-brickdale/the-nativity,
https://uploads5.wikiart.org/00290/images/palma-il-giovane/nativity-of-mary-by-palma-il-giovane-in-san-trovaso-venice.jpg,https://www.wikiart.org//en/palma-il-giovane/nativita-di-maria-1603,
https://uploads5.wikiart.org/00290/images/palma-il-giovane/palma-il-giovane-nativit-di-maria-1591-1603-ca-03.jpg,https://www.wikiart.org//en/palma-il-giovane/nativita-di-maria-detail-1603,
https://uploads2.wikiart.org/00290/images/gentile-bellini/trittico-di-san-lorenzo-di-jacopo-bellini-gentile-bellini-giovanni-bellini-e-collaboratori-2.JPG,https://www.wikiart.org//en/gentile-bellini/trittico-della-nativita-detail-1470-2,
https://uploads1.wikiart.org/00310/images/domenico-tintoretto/madonna-dell-orto-venice-chapel-morosini-nativity-and-saint-dominic-by-tintoretto-1625.jpg,https://www.wikiart.org//en/domenico-tintoretto/madonna-dellorto-venice-chapel-morosini-nativity-and-saint-dominic-1625,
https://uploads0.wikiart.org/00310/images/gerard-van-honthorst/the-nativity-by-gherard-delle-notti-in-exeter-cathedral-3.JPG,https://www.wikiart.org//en/gerard-van-honthorst/the-nativity,
https://uploads5.wikiart.org/00311/images/stefan-lochner/stefan-lochner-nativity.jpg,https://www.wikiart.org//en/stefan-lochner/adoration-of-the-christ-child-by-the-virgin-the-nativity-1445,
https://uploads2.wikiart.org/00316/images/sarah-purser/loughrea-st-brendan-s-cathedral-east-transept-nativity-by-sarah-purser-and-alfred-ernest-child.jpg,https://www.wikiart.org//en/sarah-purser/loughrea-st-brendans-cathedral-nativity-1908,
https://uploads4.wikiart.org/00316/images/giulio-cesare-procaccini/gcprocaccini.jpg,https://www.wikiart.org//en/giulio-cesare-procaccini/nativita,
https://uploads2.wikiart.org/00318/images/antoniazzo-romano/antoniazzo-romano-nativit-civita-castellana-episcopio.jpg,https://www.wikiart.org//en/antoniazzo-romano/nativita,
https://uploads3.wikiart.org/00318/images/antoniazzo-romano/the-nativity-met-dp207823-1.jpg,https://www.wikiart.org//en/antoniazzo-romano/the-nativity-1485,
https://uploads5.wikiart.org/00319/images/antonio-allegri-corregio/correggio-007.jpg,https://www.wikiart.org//en/antonio-allegri-corregio/nativity-with-saints-elizabeth-and-john-the-baptist-1512,
https://upload.wikimedia.org/wikipedia/commons/c/c4/Giotto%2C_Lower_Church_Assisi%2C_Nativity_01.jpg,https://commons.wikimedia.org/wiki/,
https://upload.wikimedia.org/wikipedia/commons/2/21/Fra_Diamante%27s_painting_%27The_Nativity%27%2C_1465-1470.jpg,"https://commons.wikimedia.org/wiki/File:Fra_Diamante%27s_painting_%27The_Nativity%27,_1465-1470.jpg",x
https://upload.wikimedia.org/wikipedia/commons/thumb/f/f8/Flemish_School_-_The_Nativity_-_1542204_-_National_Trust.jpg/973px-Flemish_School_-_The_Nativity_-_1542204_-_National_Trust.jpg,https://commons.wikimedia.org/wiki/File:Flemish_School_-_The_Nativity_-_1542204_-_National_Trust.jpg,x
https://upload.wikimedia.org/wikipedia/commons/6/64/Geertgen_tot_Sint_Jans%2C_The_Nativity_at_Night%2C_c_1490.jpg,"https://commons.wikimedia.org/wiki/File:Geertgen_tot_Sint_Jans,_The_Nativity_at_Night,_c_1490.jpg",x
https://upload.wikimedia.org/wikipedia/commons/1/1a/1418_Antonio_Vivarini_Adoration_of_the_Magi_anagoria.JPG,https://commons.wikimedia.org/wiki/File:1418_Antonio_Vivarini_Adoration_of_the_Magi_anagoria.JPG,x
https://upload.wikimedia.org/wikipedia/commons/6/69/1496_Aspertini_Adoration_of_the_Shepherds_anagoria.JPG,https://commons.wikimedia.org/wiki/File:1496_Aspertini_Adoration_of_the_Shepherds_anagoria.JPG,x
https://upload.wikimedia.org/wikipedia/commons/1/1c/Adam_Elsheimer_-_Die_Flucht_nach_%C3%84gypten_%28Alte_Pinakothek%29_2.jpg,https://commons.wikimedia.org/wiki/File:Adam_Elsheimer_-_Die_Flucht_nach_%C3%84gypten_(Alte_Pinakothek)_2.jpg,x
https://upload.wikimedia.org/wikipedia/commons/9/95/Adam_de_Colone30.jpg,https://commons.wikimedia.org/wiki/File:Adam_de_Colone30.jpg,x
https://upload.wikimedia.org/wikipedia/commons/a/a6/Adoration-shepherds-sabbatini.jpg,https://commons.wikimedia.org/wiki/File:Adoration-shepherds-sabbatini.jpg,x
https://upload.wikimedia.org/wikipedia/commons/5/52/Adoration_of_the_magi_st.michael_toronto.jpg,https://commons.wikimedia.org/wiki/File:Adoration_of_the_magi_st.michael_toronto.jpg,x
https://upload.wikimedia.org/wikipedia/commons/f/f9/Adoration_of_the_sheperds_-_Matthias_Stomer.jpg,https://commons.wikimedia.org/wiki/File:Adoration_of_the_sheperds_-_Matthias_Stomer.jpg,x
https://upload.wikimedia.org/wikipedia/commons/1/1b/Adoration_of_the_shepherds%2C_Great_Witley.jpg,"https://commons.wikimedia.org/wiki/File:Adoration_of_the_shepherds,_Great_Witley.jpg",x
https://upload.wikimedia.org/wikipedia/commons/5/58/Adoration_of_the_shepherds_1663_Abraham_Hondius.jpg,https://commons.wikimedia.org/wiki/File:Adoration_of_the_shepherds_1663_Abraham_Hondius.jpg,x
https://upload.wikimedia.org/wikipedia/commons/0/03/Adoration_of_the_shepherds_reni.JPG,https://commons.wikimedia.org/wiki/File:Adoration_of_the_shepherds_reni.JPG,x
https://upload.wikimedia.org/wikipedia/commons/4/49/Andrea_Celesti_Presentaci%C3%B3n_de_Jes%C3%BAs_en_el_Templo_1710_San_Zaccaria_Venecia.jpg,https://commons.wikimedia.org/wiki/File:Andrea_Celesti_Presentaci%C3%B3n_de_Jes%C3%BAs_en_el_Templo_1710_San_Zaccaria_Venecia.jpg,x
https://upload.wikimedia.org/wikipedia/commons/7/7e/Anoniem_-_Rust_op_de_vlucht_naar_Egypte.JPG,https://commons.wikimedia.org/wiki/File:Anoniem_-_Rust_op_de_vlucht_naar_Egypte.JPG,x
https://upload.wikimedia.org/wikipedia/commons/1/19/Attributed_to_Carel_Fabritius_002.jpg,https://commons.wikimedia.org/wiki/File:Attributed_to_Carel_Fabritius_002.jpg,x
https://upload.wikimedia.org/wikipedia/commons/8/83/Azulejos-Adoration_by_the_shepherds.JPG,https://commons.wikimedia.org/wiki/File:Azulejos-Adoration_by_the_shepherds.JPG,x
https://upload.wikimedia.org/wikipedia/commons/4/40/Bellini-circumcision-NG1455-fm.jpg,https://commons.wikimedia.org/wiki/File:Bellini-circumcision-NG1455-fm.jpg,x
https://upload.wikimedia.org/wikipedia/commons/1/1a/Bernardino_Luini_-_Nativity_and_Annunciation_to_the_Shepherds_-_WGA13754.jpg,https://commons.wikimedia.org/wiki/File:Bernardino_Luini_-_Nativity_and_Annunciation_to_the_Shepherds_-_WGA13754.jpg,x
https://upload.wikimedia.org/wikipedia/commons/a/ab/Bowyer_Bible_artists_image_9_of_10._the_visitation_of_Mary_to_Elizabeth._Bonvicino.png,https://commons.wikimedia.org/wiki/File:Bowyer_Bible_artists_image_9_of_10._the_visitation_of_Mary_to_Elizabeth._Bonvicino.png,x
https://upload.wikimedia.org/wikipedia/commons/c/cf/Bray%2C_Jan_de_-_The_Adoration_of_the_Magi_-_1674.jpg,"https://commons.wikimedia.org/wiki/File:Bray,_Jan_de_-_The_Adoration_of_the_Magi_-_1674.jpg",x
https://upload.wikimedia.org/wikipedia/commons/a/a1/Brooklyn_Museum_-_Adoration_of_the_Magi_-_Giovanni_Paolo_Panini.jpg,https://commons.wikimedia.org/wiki/File:Brooklyn_Museum_-_Adoration_of_the_Magi_-_Giovanni_Paolo_Panini.jpg,x
https://upload.wikimedia.org/wikipedia/commons/4/4b/Brooklyn_Museum_-_The_Flight_into_Egypt_%28Fuite_en_%C3%89gypte%29_-_Alexandre-Gabriel_Decamps_-_overall.jpg,https://commons.wikimedia.org/wiki/File:Brooklyn_Museum_-_The_Flight_into_Egypt_(Fuite_en_%C3%89gypte)_-_Alexandre-Gabriel_Decamps_-_overall.jpg,x
https://upload.wikimedia.org/wikipedia/commons/f/f9/Carpaccio_Holy_Family_with_Two_Donors.jpg,https://commons.wikimedia.org/wiki/File:Carpaccio_Holy_Family_with_Two_Donors.jpg,x
https://upload.wikimedia.org/wikipedia/commons/7/7f/DPAG-2004-Weihnachten-DieAnbetungderKoenige.jpg,https://commons.wikimedia.org/wiki/File:DPAG-2004-Weihnachten-DieAnbetungderKoenige.jpg,x
https://upload.wikimedia.org/wikipedia/commons/8/82/DPAG-2004-Weihnachten-FluchtnachAegypten.jpg,https://commons.wikimedia.org/wiki/File:DPAG-2004-Weihnachten-FluchtnachAegypten.jpg,x
https://upload.wikimedia.org/wikipedia/commons/8/80/Fra_Angelico_-_Adoration_of_the_Magi_-_WGA00640.jpg,https://commons.wikimedia.org/wiki/File:Fra_Angelico_-_Adoration_of_the_Magi_-_WGA00640.jpg,x
https://upload.wikimedia.org/wikipedia/commons/7/72/Fran_Camilo_Adoraci%C3%B3n_de_los_Reyes_Magos_M_B_A_Bilbao.jpg,https://commons.wikimedia.org/wiki/File:Fran_Camilo_Adoraci%C3%B3n_de_los_Reyes_Magos_M_B_A_Bilbao.jpg,x
https://upload.wikimedia.org/wikipedia/commons/d/d5/Francesco_Bassano_the_Younger_-_Adoration_of_the_Magi_-_WGA01414.jpg,https://commons.wikimedia.org/wiki/File:Francesco_Bassano_the_Younger_-_Adoration_of_the_Magi_-_WGA01414.jpg,x
https://upload.wikimedia.org/wikipedia/commons/3/38/Gerard_van_Honthorst_001.jpg,https://commons.wikimedia.org/wiki/File:Gerard_van_Honthorst_001.jpg,x
https://upload.wikimedia.org/wikipedia/commons/5/57/Gospel_of_Luke_Chapter_2-2_%28Bible_Illustrations_by_Sweet_Media%29.jpg,https://commons.wikimedia.org/wiki/File:Gospel_of_Luke_Chapter_2-2_(Bible_Illustrations_by_Sweet_Media).jpg,x
https://upload.wikimedia.org/wikipedia/commons/3/3e/Gospel_of_Luke_Chapter_2-5_%28Bible_Illustrations_by_Sweet_Media%29.jpg,https://commons.wikimedia.org/wiki/File:Gospel_of_Luke_Chapter_2-5_(Bible_Illustrations_by_Sweet_Media).jpg,x
https://upload.wikimedia.org/wikipedia/commons/c/cd/Guido_Reni_003.jpg,https://commons.wikimedia.org/wiki/File:Guido_Reni_003.jpg,x
https://upload.wikimedia.org/wikipedia/commons/d/db/Hechingen_Hohenzollerisches_Landesmuseum_sp%C3%A4tgotischer_Altar_Anbetung17525.jpg,https://commons.wikimedia.org/wiki/File:Hechingen_Hohenzollerisches_Landesmuseum_sp%C3%A4tgotischer_Altar_Anbetung17525.jpg,x
https://upload.wikimedia.org/wikipedia/commons/e/e9/Juan_D%C3%B2_Adoraci%C3%B3n_de_los_Magos_col_Intesa_Sanpaolo_N%C3%A1poles.jpg,https://commons.wikimedia.org/wiki/File:Juan_D%C3%B2_Adoraci%C3%B3n_de_los_Magos_col_Intesa_Sanpaolo_N%C3%A1poles.jpg,x
https://upload.wikimedia.org/wikipedia/commons/b/b6/L%27Adoration_des_mages.jpg,https://commons.wikimedia.org/wiki/File:L%27Adoration_des_mages.jpg,x
https://upload.wikimedia.org/wikipedia/commons/a/aa/Luca_di_Tomm%C3%A8_-_Adoration_of_the_Magi_-_WGA13737.jpg,https://commons.wikimedia.org/wiki/File:Luca_di_Tomm%C3%A8_-_Adoration_of_the_Magi_-_WGA13737.jpg,x
https://upload.wikimedia.org/wikipedia/commons/e/ec/Mattia_Preti_-_The_Adoration_of_the_Shepherds_-_Google_Art_Project.jpg,https://commons.wikimedia.org/wiki/File:Mattia_Preti_-_The_Adoration_of_the_Shepherds_-_Google_Art_Project.jpg,x
https://upload.wikimedia.org/wikipedia/commons/9/9e/Mikael_Toppelius_Adoration_by_Shepherds_1774.JPG,https://commons.wikimedia.org/wiki/File:Mikael_Toppelius_Adoration_by_Shepherds_1774.JPG,x
https://upload.wikimedia.org/wikipedia/commons/4/4c/Monforte_Altarpiece.jpg,https://commons.wikimedia.org/wiki/File:Monforte_Altarpiece.jpg,x
https://upload.wikimedia.org/wikipedia/commons/d/d0/Nativit%C3%A9_de_Costa.jpg,https://commons.wikimedia.org/wiki/File:Nativit%C3%A9_de_Costa.jpg,x
https://upload.wikimedia.org/wikipedia/commons/d/d5/N%C3%BCrnberg_Frauenkirche_Krippe_Anbetung_der_K%C3%B6nige.jpg,https://commons.wikimedia.org/wiki/File:N%C3%BCrnberg_Frauenkirche_Krippe_Anbetung_der_K%C3%B6nige.jpg,x
https://upload.wikimedia.org/wikipedia/commons/e/ec/Peter_Paul_Rubens_-_L%27adoration_des_Mages.jpg,https://commons.wikimedia.org/wiki/File:Peter_Paul_Rubens_-_L%27adoration_des_Mages.jpg,x
https://upload.wikimedia.org/wikipedia/commons/8/82/Peter_Paul_Rubens_009.jpg,https://commons.wikimedia.org/wiki/File:Peter_Paul_Rubens_009.jpg,x
https://upload.wikimedia.org/wikipedia/commons/c/c1/Rogier_van_der_Weyden_-_Bladelin_Triptych_-_WGA25617.jpg,https://commons.wikimedia.org/wiki/File:Rogier_van_der_Weyden_-_Bladelin_Triptych_-_WGA25617.jpg,x
https://upload.wikimedia.org/wikipedia/commons/7/72/Rubens-adoration_des_mages.jpg,https://commons.wikimedia.org/wiki/File:Rubens-adoration_des_mages.jpg,x
https://upload.wikimedia.org/wikipedia/commons/b/b7/Sarabia-adoracion_pastores.jpg,https://commons.wikimedia.org/wiki/File:Sarabia-adoracion_pastores.jpg,x
https://upload.wikimedia.org/wikipedia/commons/3/36/Savoldo%2C_adorazione_dei_pastori%2C_brescia.jpg,"https://commons.wikimedia.org/wiki/File:Savoldo,_adorazione_dei_pastori,_brescia.jpg",x
https://upload.wikimedia.org/wikipedia/commons/5/56/The_Adoration_of_the_Magi_LACMA_M.81.177.jpg,https://commons.wikimedia.org/wiki/File:The_Adoration_of_the_Magi_LACMA_M.81.177.jpg,x
https://upload.wikimedia.org/wikipedia/commons/3/36/Worship_of_the_shepherds_by_bronzino.jpg,https://commons.wikimedia.org/wiki/File:Worship_of_the_shepherds_by_bronzino.jpg,x
https://upload.wikimedia.org/wikipedia/commons/2/29/Lucas_Cranach_the_elder_%281472-1553%29_%28studio_of%29_-_The_Nativity_-_541114_-_National_Trust.jpg,https://commons.wikimedia.org/wiki/File:Lucas_Cranach_the_elder_(1472-1553)_(studio_of)_-_The_Nativity_-_541114_-_National_Trust.jpg,
https://upload.wikimedia.org/wikipedia/commons/4/46/Herri_met_de_Bles_%28c.1510-after_1550%29_-_Nativity_-_1960P61_-_Birmingham_Museums_Trust.jpg,https://commons.wikimedia.org/wiki/File:Herri_met_de_Bles_(c.1510-after_1550)_-_Nativity_-_1960P61_-_Birmingham_Museums_Trust.jpg,
https://preview.redd.it/4tc6qepayw521.jpg?width=640&crop=smart&auto=webp&s=02e066adfcb851ff3cb9b1b3189199e46d9d2aff,https://www.nationalgallery.org.uk/paintings/guido-reni-the-adoration-of-the-shepherds,
https://upload.wikimedia.org/wikipedia/commons/b/b7/Adoracao_dos_magos_de_Vicente_Gil.jpg,https://commons.wikimedia.org/wiki/File:Adoracao_dos_magos_de_Vicente_Gil.jpg,
https://upload.wikimedia.org/wikipedia/commons/4/43/Koelner_Dom_-_Bayernfenster_10.jpg,https://commons.wikimedia.org/wiki/File:Koelner_Dom_-_Bayernfenster_10.jpg,
https://upload.wikimedia.org/wikipedia/commons/7/7b/The_visit_of_the_wise-men.jpg,https://commons.wikimedia.org/wiki/File:The_visit_of_the_wise-men.jpg,