Image URL,Web page URL
https://d3d00swyhr67nd.cloudfront.net/w800h800/collection/ASH/ASHM/ASH_ASHM_WA1933_22-001.jpg,https://artuk.org/discover/artworks/st-sebastian-142776/search/keyword:christian/page/2
https://d3d00swyhr67nd.cloudfront.net/w800h800/collection/ASH/ASHM/ASH_ASHM_WA1940_2_34-001.jpg,https://artuk.org/discover/artworks/interior-of-a-room-with-a-young-man-seated-at-a-table-142114/view_as/grid/search/keyword:christian/page/2
https://upload.wikimedia.org/wikipedia/commons/8/8c/Albrecht_D%C3%BCrer_039.jpg,https://commons.wikimedia.org/wiki/File:Albrecht_D%C3%BCrer_039.jpg
https://upload.wikimedia.org/wikipedia/commons/7/73/Accademia_-_Madonna_con_Bambino_tra_le_sante_Caterina_e_Maria_Maddalena_-_Giovanni_Bellini_-_Cat_613.jpg,https://commons.wikimedia.org/wiki/File:Accademia_-_Madonna_con_Bambino_tra_le_sante_Caterina_e_Maria_Maddalena_-_Giovanni_Bellini_-_Cat_613.jpg
https://upload.wikimedia.org/wikipedia/commons/4/48/Adao_eva.PNG,https://commons.wikimedia.org/wiki/File:Adao_eva.PNG
https://upload.wikimedia.org/wikipedia/commons/4/4a/Adriaen_Isenbrant102.JPG,https://commons.wikimedia.org/wiki/File:Adriaen_Isenbrant102.JPG
https://upload.wikimedia.org/wikipedia/commons/8/8a/Adriaen_Isenbrant_001.jpg,https://commons.wikimedia.org/wiki/File:Adriaen_Isenbrant_001.jpg
https://upload.wikimedia.org/wikipedia/commons/2/27/Adriaen_Isenbrant_002.jpg,https://commons.wikimedia.org/wiki/File:Adriaen_Isenbrant_002.jpg
https://upload.wikimedia.org/wikipedia/commons/f/f3/Albrecht_Altdorfer_-_Landschaft_mit_einem_Steg.jpg,https://commons.wikimedia.org/wiki/File:Albrecht_Altdorfer_-_Landschaft_mit_einem_Steg.jpg
https://upload.wikimedia.org/wikipedia/commons/5/5c/Albrecht_Altdorfer_007.jpg,https://commons.wikimedia.org/wiki/File:Albrecht_Altdorfer_007.jpg
https://upload.wikimedia.org/wikipedia/commons/d/df/Albrecht_Altdorfer_013.jpg,https://commons.wikimedia.org/wiki/File:Albrecht_Altdorfer_013.jpg
https://upload.wikimedia.org/wikipedia/commons/b/b1/Albrecht_Altdorfer_023.jpg,https://commons.wikimedia.org/wiki/File:Albrecht_Altdorfer_023.jpg
https://upload.wikimedia.org/wikipedia/commons/d/d6/Albrecht_D%C3%BCrer_-_Bernard_von_Reesen_-_Gem%C3%A4ldegalerie_Alte_Meister_Dresden.jpg,https://commons.wikimedia.org/wiki/File:Albrecht_D%C3%BCrer_-_Bernard_von_Reesen_-_Gem%C3%A4ldegalerie_Alte_Meister_Dresden.jpg
https://upload.wikimedia.org/wikipedia/commons/4/4c/Albrecht_D%C3%BCrer_049.jpg,https://commons.wikimedia.org/wiki/File:Albrecht_D%C3%BCrer_049.jpg
https://upload.wikimedia.org/wikipedia/commons/f/fd/Albrecht_D%C3%BCrer_050.jpg,https://commons.wikimedia.org/wiki/File:Albrecht_D%C3%BCrer_050.jpg
https://upload.wikimedia.org/wikipedia/commons/3/34/Albrecht_D%C3%BCrer_061.jpg,https://commons.wikimedia.org/wiki/File:Albrecht_D%C3%BCrer_061.jpg
https://upload.wikimedia.org/wikipedia/commons/9/93/Alonso_S%C3%A1nchez_Coello_005.jpg,https://commons.wikimedia.org/wiki/File:Alonso_S%C3%A1nchez_Coello_005.jpg
https://upload.wikimedia.org/wikipedia/commons/d/d6/Alonso_S%C3%A1nchez_Coello_006.jpg,https://commons.wikimedia.org/wiki/File:Alonso_S%C3%A1nchez_Coello_006.jpg
https://upload.wikimedia.org/wikipedia/commons/8/80/Alonso_S%C3%A1nchez_Coello_007.jpg,https://commons.wikimedia.org/wiki/File:Alonso_S%C3%A1nchez_Coello_007.jpg
https://upload.wikimedia.org/wikipedia/commons/0/04/Alonso_S%C3%A1nchez_Coello_009.jpg,https://commons.wikimedia.org/wiki/File:Alonso_S%C3%A1nchez_Coello_009.jpg
https://upload.wikimedia.org/wikipedia/commons/b/ba/Andrea_Mantegna_022.jpg,https://commons.wikimedia.org/wiki/File:Andrea_Mantegna_022.jpg
https://upload.wikimedia.org/wikipedia/commons/f/fc/Andrea_del_Sarto_009.jpg,https://commons.wikimedia.org/wiki/File:Andrea_del_Sarto_009.jpg
https://upload.wikimedia.org/wikipedia/commons/b/ba/Angelo_Bronzino_026.jpg,https://commons.wikimedia.org/wiki/File:Angelo_Bronzino_026.jpg
https://upload.wikimedia.org/wikipedia/commons/6/69/Anthonis_Mor_004.jpg,https://commons.wikimedia.org/wiki/File:Anthonis_Mor_004.jpg
https://upload.wikimedia.org/wikipedia/commons/a/ab/Anthonis_Mor_009.jpg,https://commons.wikimedia.org/wiki/File:Anthonis_Mor_009.jpg
https://upload.wikimedia.org/wikipedia/commons/3/3f/Antonello_da_Messina_033.jpg,https://commons.wikimedia.org/wiki/File:Antonello_da_Messina_033.jpg
https://upload.wikimedia.org/wikipedia/commons/c/c2/Arcimboldo_Summer_1563.jpg,https://commons.wikimedia.org/wiki/File:Arcimboldo_Summer_1563.jpg
https://upload.wikimedia.org/wikipedia/commons/2/28/Arcimboldo_Verano.jpg,https://commons.wikimedia.org/wiki/File:Arcimboldo_Verano.jpg
https://upload.wikimedia.org/wikipedia/commons/0/03/Bernaerd_van_Orley_002.jpg,https://commons.wikimedia.org/wiki/File:Bernaerd_van_Orley_002.jpg
https://upload.wikimedia.org/wikipedia/commons/3/30/Bernaerd_van_Orley_005.jpg,https://commons.wikimedia.org/wiki/File:Bernaerd_van_Orley_005.jpg
https://upload.wikimedia.org/wikipedia/commons/c/ca/Bernaerd_van_Orley_007.jpg,https://commons.wikimedia.org/wiki/File:Bernaerd_van_Orley_007.jpg
https://upload.wikimedia.org/wikipedia/commons/3/33/Bernaerd_van_Orley_010.jpg,https://commons.wikimedia.org/wiki/File:Bernaerd_van_Orley_010.jpg
https://upload.wikimedia.org/wikipedia/commons/1/15/Bernard_Van_Orley101.JPG,https://commons.wikimedia.org/wiki/File:Bernard_Van_Orley101.JPG
https://upload.wikimedia.org/wikipedia/commons/3/32/Bottega_di_Anthonis_Mor_-_Ritratto_di_Maria_di_Portogallo.jpg,https://commons.wikimedia.org/wiki/File:Bottega_di_Anthonis_Mor_-_Ritratto_di_Maria_di_Portogallo.jpg
https://upload.wikimedia.org/wikipedia/commons/f/ff/Charles_V._-_after_Bernaerd_van_Orley_-_depot_Louvre-Mus%C3%A9e_de_Brou%2C_Bourg-en-Bresse.jpg,"https://commons.wikimedia.org/wiki/File:Charles_V._-_after_Bernaerd_van_Orley_-_depot_Louvre-Mus%C3%A9e_de_Brou,_Bourg-en-Bresse.jpg"
https://upload.wikimedia.org/wikipedia/commons/b/be/Chenonceau_Diane_de_Poitiers.jpg,https://commons.wikimedia.org/wiki/File:Chenonceau_Diane_de_Poitiers.jpg
https://upload.wikimedia.org/wikipedia/commons/0/00/Christina_of_Denmark.jpg,https://commons.wikimedia.org/wiki/File:Christina_of_Denmark.jpg
https://upload.wikimedia.org/wikipedia/commons/1/12/Correggio_045.jpg,https://commons.wikimedia.org/wiki/File:Correggio_045.jpg
https://upload.wikimedia.org/wikipedia/commons/0/04/Cosm%C3%A8_Tura_021.jpg,https://commons.wikimedia.org/wiki/File:Cosm%C3%A8_Tura_021.jpg
https://upload.wikimedia.org/wikipedia/commons/b/b5/Cranach_-_Adam_and_Eve_1528.jpg,https://commons.wikimedia.org/wiki/File:Cranach_-_Adam_and_Eve_1528.jpg
https://upload.wikimedia.org/wikipedia/commons/0/02/Del_Cossa_Triumph_of_Minerva_March_Needlwork.jpg,https://commons.wikimedia.org/wiki/File:Del_Cossa_Triumph_of_Minerva_March_Needlwork.jpg
https://upload.wikimedia.org/wikipedia/commons/f/f1/Domenico_Ghirlandaio%2C_Cappella_Sassetti%2C_Resurrezione_del_fanciullo%2C_dettaglio_2%2C_1485_circa.jpg,"https://commons.wikimedia.org/wiki/File:Domenico_Ghirlandaio,_Cappella_Sassetti,_Resurrezione_del_fanciullo,_dettaglio_2,_1485_circa.jpg"
https://upload.wikimedia.org/wikipedia/commons/1/1b/El_Greco_042.jpg,https://commons.wikimedia.org/wiki/File:El_Greco_042.jpg
https://upload.wikimedia.org/wikipedia/commons/d/d7/El_Greco_12.jpg,https://commons.wikimedia.org/wiki/File:El_Greco_12.jpg
https://upload.wikimedia.org/wikipedia/commons/b/bb/El_Greco_13.jpg,https://commons.wikimedia.org/wiki/File:El_Greco_13.jpg
https://upload.wikimedia.org/wikipedia/commons/f/fc/El_Greco_14.jpg,https://commons.wikimedia.org/wiki/File:El_Greco_14.jpg
https://upload.wikimedia.org/wikipedia/commons/6/60/Elisabeth_of_Austria_France.jpg,https://commons.wikimedia.org/wiki/File:Elisabeth_of_Austria_France.jpg
https://upload.wikimedia.org/wikipedia/commons/0/04/Eva_prima_pandora.jpg,https://commons.wikimedia.org/wiki/File:Eva_prima_pandora.jpg
https://upload.wikimedia.org/wikipedia/commons/2/28/Filippino_Lippi_001.jpg,https://commons.wikimedia.org/wiki/File:Filippino_Lippi_001.jpg
https://upload.wikimedia.org/wikipedia/commons/b/b5/FlorisvanEgmond.jpg,https://commons.wikimedia.org/wiki/File:FlorisvanEgmond.jpg
https://upload.wikimedia.org/wikipedia/commons/e/e2/Fra_Angelico_046.jpg,https://commons.wikimedia.org/wiki/File:Fra_Angelico_046.jpg
https://upload.wikimedia.org/wikipedia/commons/b/bc/Francesco_Primaticcio_001.jpg,https://commons.wikimedia.org/wiki/File:Francesco_Primaticcio_001.jpg
https://upload.wikimedia.org/wikipedia/commons/3/31/Francesco_Primaticcio_002.jpg,https://commons.wikimedia.org/wiki/File:Francesco_Primaticcio_002.jpg
https://upload.wikimedia.org/wikipedia/commons/1/1a/Francesco_Primaticcio_003.jpg,https://commons.wikimedia.org/wiki/File:Francesco_Primaticcio_003.jpg
https://upload.wikimedia.org/wikipedia/commons/3/35/Frans_Hals-_Jester_with_a_Lute.JPG,https://commons.wikimedia.org/wiki/File:Frans_Hals-_Jester_with_a_Lute.JPG
https://upload.wikimedia.org/wikipedia/commons/3/34/Frans_Hals_023.jpg,https://commons.wikimedia.org/wiki/File:Frans_Hals_023.jpg
https://upload.wikimedia.org/wikipedia/commons/f/f2/Frans_Hals_043.jpg,https://commons.wikimedia.org/wiki/File:Frans_Hals_043.jpg
https://upload.wikimedia.org/wikipedia/commons/5/53/Franshals.jpg,https://commons.wikimedia.org/wiki/File:Franshals.jpg
https://upload.wikimedia.org/wikipedia/commons/0/00/Giorgio_Vasar_retour_id%C3%A9alis%C3%A9_de_Gr%C3%A9goire_XI_%C3%A0_Rome.jpg,https://commons.wikimedia.org/wiki/File:Giorgio_Vasar_retour_id%C3%A9alis%C3%A9_de_Gr%C3%A9goire_XI_%C3%A0_Rome.jpg
https://upload.wikimedia.org/wikipedia/commons/b/b7/Giuseppe_Arcimboldi_004.jpg,https://commons.wikimedia.org/wiki/File:Giuseppe_Arcimboldi_004.jpg
https://upload.wikimedia.org/wikipedia/commons/b/b6/Gozzoli_z02.jpg,https://commons.wikimedia.org/wiki/File:Gozzoli_z02.jpg
https://upload.wikimedia.org/wikipedia/commons/b/bf/Hans_Holbein_d.J._-_Portr%C3%A4t_eines_Mitgliedes_der_Familie_Wedigh.jpg,https://commons.wikimedia.org/wiki/File:Hans_Holbein_d.J._-_Portr%C3%A4t_eines_Mitgliedes_der_Familie_Wedigh.jpg
https://upload.wikimedia.org/wikipedia/commons/1/14/Hans_Holbein_the_Younger_-_Jane_Seymour%2C_Queen_of_England_-_Google_Art_Project.jpg,"https://commons.wikimedia.org/wiki/File:Hans_Holbein_the_Younger_-_Jane_Seymour,_Queen_of_England_-_Google_Art_Project.jpg"
https://upload.wikimedia.org/wikipedia/commons/1/14/Henri2.jpg,https://commons.wikimedia.org/wiki/File:Henri2.jpg
https://upload.wikimedia.org/wikipedia/commons/3/3d/Hercule-Francois_Duke_of_Alencon.jpg,https://commons.wikimedia.org/wiki/File:Hercule-Francois_Duke_of_Alencon.jpg
https://upload.wikimedia.org/wikipedia/commons/d/d9/Hieronymus_Bosch_018.jpg,https://commons.wikimedia.org/wiki/File:Hieronymus_Bosch_018.jpg
https://upload.wikimedia.org/wikipedia/commons/a/ab/Hieronymus_Bosch_041.jpg,https://commons.wikimedia.org/wiki/File:Hieronymus_Bosch_041.jpg
https://upload.wikimedia.org/wikipedia/commons/b/bb/Hieronymus_Bosch_055.jpg,https://commons.wikimedia.org/wiki/File:Hieronymus_Bosch_055.jpg
https://upload.wikimedia.org/wikipedia/commons/7/74/Holbein_-_henryhoward01.jpg,https://commons.wikimedia.org/wiki/File:Holbein_-_henryhoward01.jpg
https://upload.wikimedia.org/wikipedia/commons/8/89/Huybrecht_Beuckelaer_-_The_first_Passover_feast.jpg,https://commons.wikimedia.org/wiki/File:Huybrecht_Beuckelaer_-_The_first_Passover_feast.jpg
https://upload.wikimedia.org/wikipedia/commons/c/cb/Huybrecht_Beuckeleer_%28Attr.%29_-_Blackberries%2C_cherries%2C_pears%2C_melons_and_other_fruits%2C_parsnips%2C_bread%2C_cheese_and_a_waffle%2C_roemer%2C_tazza_and_salt_cellar_on_a_draped_table.jpg,"https://commons.wikimedia.org/wiki/File:Huybrecht_Beuckeleer_(Attr.)_-_Blackberries,_cherries,_pears,_melons_and_other_fruits,_parsnips,_bread,_cheese_and_a_waffle,_roemer,_tazza_and_salt_cellar_on_a_draped_table.jpg"
https://upload.wikimedia.org/wikipedia/commons/3/39/Huybrecht_Beuckeleer_-_De_Verloren_Zoon.jpg,https://commons.wikimedia.org/wiki/File:Huybrecht_Beuckeleer_-_De_Verloren_Zoon.jpg
https://upload.wikimedia.org/wikipedia/commons/d/d6/Huybrecht_Beuckeleer_-_The_egg_seller.jpg,https://commons.wikimedia.org/wiki/File:Huybrecht_Beuckeleer_-_The_egg_seller.jpg
https://upload.wikimedia.org/wikipedia/commons/4/4a/Isabella_of_Spain_Denmark.jpg,https://commons.wikimedia.org/wiki/File:Isabella_of_Spain_Denmark.jpg
https://upload.wikimedia.org/wikipedia/commons/f/fe/J._Bosch_Adoration_of_the_Magi_Triptych_%28detail_2%29.jpg,https://commons.wikimedia.org/wiki/File:J._Bosch_Adoration_of_the_Magi_Triptych_(detail_2).jpg
https://upload.wikimedia.org/wikipedia/commons/f/f0/Jacopo_Pontormo_010.jpg,https://commons.wikimedia.org/wiki/File:Jacopo_Pontormo_010.jpg
https://upload.wikimedia.org/wikipedia/commons/a/af/Jan_Gossaert_003.jpg,https://commons.wikimedia.org/wiki/File:Jan_Gossaert_003.jpg
https://upload.wikimedia.org/wikipedia/commons/7/79/Jan_Gossaert_004.jpg,https://commons.wikimedia.org/wiki/File:Jan_Gossaert_004.jpg
https://upload.wikimedia.org/wikipedia/commons/9/90/Jan_Gossaert_005.jpg,https://commons.wikimedia.org/wiki/File:Jan_Gossaert_005.jpg
https://upload.wikimedia.org/wikipedia/commons/9/90/Jan_Gossaert_007.jpg,https://commons.wikimedia.org/wiki/File:Jan_Gossaert_007.jpg
https://upload.wikimedia.org/wikipedia/commons/6/67/Jan_Gossaert_010.jpg,https://commons.wikimedia.org/wiki/File:Jan_Gossaert_010.jpg
https://upload.wikimedia.org/wikipedia/commons/6/62/Joachim_Beuckelaer_-_Keukensc%C3%A8ne_met_Christus_en_de_Emma%C3%BCsgangers.jpg,https://commons.wikimedia.org/wiki/File:Joachim_Beuckelaer_-_Keukensc%C3%A8ne_met_Christus_en_de_Emma%C3%BCsgangers.jpg
https://upload.wikimedia.org/wikipedia/commons/9/99/Joachim_Beuckelaer_-_Market_farmers.jpg,https://commons.wikimedia.org/wiki/File:Joachim_Beuckelaer_-_Market_farmers.jpg
https://upload.wikimedia.org/wikipedia/commons/f/fe/Joachim_Beuckelaer_-_Market_woman.jpg,https://commons.wikimedia.org/wiki/File:Joachim_Beuckelaer_-_Market_woman.jpg
https://upload.wikimedia.org/wikipedia/commons/b/bd/Joachim_Beuckelaer_-_Slaughtered_Pig_-_WGA2122.jpg,https://commons.wikimedia.org/wiki/File:Joachim_Beuckelaer_-_Slaughtered_Pig_-_WGA2122.jpg
https://upload.wikimedia.org/wikipedia/commons/1/1c/Joachim_Patinir_-_Landscape_with_the_Flight_into_Egypt.jpg,https://commons.wikimedia.org/wiki/File:Joachim_Patinir_-_Landscape_with_the_Flight_into_Egypt.jpg
https://upload.wikimedia.org/wikipedia/commons/f/f3/Joachim_Patinir_006.jpg,https://commons.wikimedia.org/wiki/File:Joachim_Patinir_006.jpg
https://upload.wikimedia.org/wikipedia/commons/1/15/Joachim_Patinir_008.jpg,https://commons.wikimedia.org/wiki/File:Joachim_Patinir_008.jpg
https://upload.wikimedia.org/wikipedia/commons/5/5d/Juan_Pantoja_de_la_Cruz_001.jpg,https://commons.wikimedia.org/wiki/File:Juan_Pantoja_de_la_Cruz_001.jpg
https://upload.wikimedia.org/wikipedia/commons/e/e4/Juan_Pantoja_de_la_Cruz_002.jpg,https://commons.wikimedia.org/wiki/File:Juan_Pantoja_de_la_Cruz_002.jpg
https://upload.wikimedia.org/wikipedia/commons/e/e4/Juan_Pantoja_de_la_Cruz_003.jpg,https://commons.wikimedia.org/wiki/File:Juan_Pantoja_de_la_Cruz_003.jpg
https://upload.wikimedia.org/wikipedia/commons/4/46/Juan_Pantoja_de_la_Cruz_004.jpg,https://commons.wikimedia.org/wiki/File:Juan_Pantoja_de_la_Cruz_004.jpg
https://upload.wikimedia.org/wikipedia/commons/f/ff/Katharina-von-Bora-04.jpg,https://commons.wikimedia.org/wiki/File:Katharina-von-Bora-04.jpg
https://upload.wikimedia.org/wikipedia/commons/c/cf/Last_judgement.jpg,https://commons.wikimedia.org/wiki/File:Last_judgement.jpg
https://upload.wikimedia.org/wikipedia/commons/a/a5/LeBaindeDianeClouet.jpg,https://commons.wikimedia.org/wiki/File:LeBaindeDianeClouet.jpg
https://upload.wikimedia.org/wikipedia/commons/c/c3/Leonardo_da_Vinci_%28attrib%29-_la_Belle_Ferroniere.jpg,https://commons.wikimedia.org/wiki/File:Leonardo_da_Vinci_(attrib)-_la_Belle_Ferroniere.jpg
https://upload.wikimedia.org/wikipedia/commons/3/3d/Lucas_Cranach_d._A._025.jpg,https://commons.wikimedia.org/wiki/File:Lucas_Cranach_d._A._025.jpg
https://upload.wikimedia.org/wikipedia/commons/2/23/Lucas_Cranach_d._%C3%84._062.jpg,https://commons.wikimedia.org/wiki/File:Lucas_Cranach_d._%C3%84._062.jpg
https://upload.wikimedia.org/wikipedia/commons/3/3d/Lucas_van_Leyden-aria_mit_dem_Kinde%2C_der_hl._Maria_Magdalena_und_einem_Stifter.jpg,"https://commons.wikimedia.org/wiki/File:Lucas_van_Leyden-aria_mit_dem_Kinde,_der_hl._Maria_Magdalena_und_einem_Stifter.jpg"
https://upload.wikimedia.org/wikipedia/commons/4/45/Lucas_van_Leyden_-_Kartenlegerin_-_1200_dpi.jpg,https://commons.wikimedia.org/wiki/File:Lucas_van_Leyden_-_Kartenlegerin_-_1200_dpi.jpg
https://upload.wikimedia.org/wikipedia/commons/9/97/Lucas_van_Leyden_-_Verlobung_%28Koniklijk_Museum%29_-_600_dpi.jpg,https://commons.wikimedia.org/wiki/File:Lucas_van_Leyden_-_Verlobung_(Koniklijk_Museum)_-_600_dpi.jpg
https://upload.wikimedia.org/wikipedia/commons/4/41/Luis_de_Morales_008.jpg,https://commons.wikimedia.org/wiki/File:Luis_de_Morales_008.jpg
https://upload.wikimedia.org/wikipedia/commons/9/9b/Luis_de_Morales_009.jpg,https://commons.wikimedia.org/wiki/File:Luis_de_Morales_009.jpg
https://upload.wikimedia.org/wikipedia/commons/8/8e/Luis_de_Morales_010.jpg,https://commons.wikimedia.org/wiki/File:Luis_de_Morales_010.jpg
https://upload.wikimedia.org/wikipedia/commons/d/d6/Luis_de_Morales_011.jpg,https://commons.wikimedia.org/wiki/File:Luis_de_Morales_011.jpg
https://upload.wikimedia.org/wikipedia/commons/7/79/MadeleinedeValois.jpg,https://commons.wikimedia.org/wiki/File:MadeleinedeValois.jpg
https://upload.wikimedia.org/wikipedia/commons/8/8f/Madonna_and_Child.jpg,https://commons.wikimedia.org/wiki/File:Madonna_and_Child.jpg
https://upload.wikimedia.org/wikipedia/commons/6/6e/Maria_Tudor1.jpg,https://commons.wikimedia.org/wiki/File:Maria_Tudor1.jpg
https://upload.wikimedia.org/wikipedia/commons/4/4f/Marten_van_Heemskerck_001.jpg,https://commons.wikimedia.org/wiki/File:Marten_van_Heemskerck_001.jpg
https://upload.wikimedia.org/wikipedia/commons/a/ae/Marten_van_Heemskerck_002.jpg,https://commons.wikimedia.org/wiki/File:Marten_van_Heemskerck_002.jpg
https://upload.wikimedia.org/wikipedia/commons/3/3c/Marten_van_Heemskerck_003.jpg,https://commons.wikimedia.org/wiki/File:Marten_van_Heemskerck_003.jpg
https://upload.wikimedia.org/wikipedia/commons/8/81/Mary_Magdalene_Ambrosius_Benson.jpg,https://commons.wikimedia.org/wiki/File:Mary_Magdalene_Ambrosius_Benson.jpg
https://upload.wikimedia.org/wikipedia/commons/5/5e/Mary_Magdalene_Reading_Ambrosius_Benson.jpg,https://commons.wikimedia.org/wiki/File:Mary_Magdalene_Reading_Ambrosius_Benson.jpg
https://upload.wikimedia.org/wikipedia/commons/0/02/Maryofguise1.jpg,https://commons.wikimedia.org/wiki/File:Maryofguise1.jpg
https://upload.wikimedia.org/wikipedia/commons/1/13/Masaccio_Adam_and_Eve_detail.jpg,https://commons.wikimedia.org/wiki/File:Masaccio_Adam_and_Eve_detail.jpg
https://upload.wikimedia.org/wikipedia/commons/e/e0/Mathis_Gothart_Gr%C3%BCnewald_026.jpg,https://commons.wikimedia.org/wiki/File:Mathis_Gothart_Gr%C3%BCnewald_026.jpg
https://upload.wikimedia.org/wikipedia/commons/a/ab/Mathis_Gothart_Gr%C3%BCnewald_033.jpg,https://commons.wikimedia.org/wiki/File:Mathis_Gothart_Gr%C3%BCnewald_033.jpg
https://upload.wikimedia.org/wikipedia/commons/7/7a/Mathis_Gothart_Gr%C3%BCnewald_043.jpg,https://commons.wikimedia.org/wiki/File:Mathis_Gothart_Gr%C3%BCnewald_043.jpg
https://upload.wikimedia.org/wikipedia/commons/f/f4/Niccol%C3%B2_dell%27_Abbate_-_Bildnis_einer_Dame.jpg,https://commons.wikimedia.org/wiki/File:Niccol%C3%B2_dell%27_Abbate_-_Bildnis_einer_Dame.jpg
https://upload.wikimedia.org/wikipedia/commons/f/f4/Niccol%C3%B2_dell%27_Abbate_001.jpg,https://commons.wikimedia.org/wiki/File:Niccol%C3%B2_dell%27_Abbate_001.jpg
https://upload.wikimedia.org/wikipedia/commons/b/b1/Niccol%C3%B2_dell%27_Abbate_004.jpg,https://commons.wikimedia.org/wiki/File:Niccol%C3%B2_dell%27_Abbate_004.jpg
https://upload.wikimedia.org/wikipedia/commons/c/c0/Niccol%C3%B2_dell%27_Abbate_005.jpg,https://commons.wikimedia.org/wiki/File:Niccol%C3%B2_dell%27_Abbate_005.jpg
https://upload.wikimedia.org/wikipedia/commons/f/f3/Original_Sin_Michel_Coxcie.jpg,https://commons.wikimedia.org/wiki/File:Original_Sin_Michel_Coxcie.jpg
https://upload.wikimedia.org/wikipedia/commons/6/61/Paolo_Uccello_062.jpg,https://commons.wikimedia.org/wiki/File:Paolo_Uccello_062.jpg
https://upload.wikimedia.org/wikipedia/commons/e/ef/Paolo_Veronese_018.jpg,https://commons.wikimedia.org/wiki/File:Paolo_Veronese_018.jpg
https://upload.wikimedia.org/wikipedia/commons/1/1e/Parmigianino_009.jpg,https://commons.wikimedia.org/wiki/File:Parmigianino_009.jpg
https://upload.wikimedia.org/wikipedia/commons/2/2e/PatenierChristopher.jpg,https://commons.wikimedia.org/wiki/File:PatenierChristopher.jpg
https://upload.wikimedia.org/wikipedia/commons/f/f9/Piero_della_Francesca_011.jpg,https://commons.wikimedia.org/wiki/File:Piero_della_Francesca_011.jpg
https://upload.wikimedia.org/wikipedia/commons/4/44/Pieter_Aertsen_002.jpg,https://commons.wikimedia.org/wiki/File:Pieter_Aertsen_002.jpg
https://upload.wikimedia.org/wikipedia/commons/2/2e/Pieter_Aertsen_005.jpg,https://commons.wikimedia.org/wiki/File:Pieter_Aertsen_005.jpg
https://upload.wikimedia.org/wikipedia/commons/c/c8/Pieter_Aertsen_013.jpg,https://commons.wikimedia.org/wiki/File:Pieter_Aertsen_013.jpg
https://upload.wikimedia.org/wikipedia/commons/0/0d/Pieter_Aertsen_014.jpg,https://commons.wikimedia.org/wiki/File:Pieter_Aertsen_014.jpg
https://upload.wikimedia.org/wikipedia/commons/e/e9/Pieter_Bruegel_d._%C3%84._030.jpg,https://commons.wikimedia.org/wiki/File:Pieter_Bruegel_d._%C3%84._030.jpg
https://upload.wikimedia.org/wikipedia/commons/9/97/Pieter_Bruegel_d._%C3%84._064.jpg,https://commons.wikimedia.org/wiki/File:Pieter_Bruegel_d._%C3%84._064.jpg
https://upload.wikimedia.org/wikipedia/commons/7/73/Pieter_Bruegel_d._%C3%84._092.jpg,https://commons.wikimedia.org/wiki/File:Pieter_Bruegel_d._%C3%84._092.jpg
https://upload.wikimedia.org/wikipedia/commons/a/ad/Pieter_Bruegel_d._%C3%84._105.jpg,https://commons.wikimedia.org/wiki/File:Pieter_Bruegel_d._%C3%84._105.jpg
https://upload.wikimedia.org/wikipedia/commons/e/e3/Pietro_Perugino_075.jpg,https://commons.wikimedia.org/wiki/File:Pietro_Perugino_075.jpg
https://upload.wikimedia.org/wikipedia/commons/d/d0/Pintoricchio_and_assistant_-_Madonna_Adoring_the_Child%2C_c._1500.jpg,"https://commons.wikimedia.org/wiki/File:Pintoricchio_and_assistant_-_Madonna_Adoring_the_Child,_c._1500.jpg"
https://upload.wikimedia.org/wikipedia/commons/c/c8/Portrait_of_James_V_of_Scotland_%281512_-_1542%29.jpg,https://commons.wikimedia.org/wiki/File:Portrait_of_James_V_of_Scotland_(1512_-_1542).jpg
https://upload.wikimedia.org/wikipedia/commons/e/eb/Portrait_of_a_Man_-_attributed_to_Corneille_de_Lyon.jpg,https://commons.wikimedia.org/wiki/File:Portrait_of_a_Man_-_attributed_to_Corneille_de_Lyon.jpg
https://upload.wikimedia.org/wikipedia/commons/7/70/Quentin_Massys-The_Adoration_of_the_Magi-1526%2CMetropolitan_Museum_of_Art%2CNew_York.jpg,"https://commons.wikimedia.org/wiki/File:Quentin_Massys-The_Adoration_of_the_Magi-1526,Metropolitan_Museum_of_Art,New_York.jpg"
https://upload.wikimedia.org/wikipedia/commons/1/18/Quentin_Massys-The_Virgin_and_Child%2C1529%2CMus%C3%A9e_du_Louvre%2C_Paris.jpg,"https://commons.wikimedia.org/wiki/File:Quentin_Massys-The_Virgin_and_Child,1529,Mus%C3%A9e_du_Louvre,_Paris.jpg"
https://upload.wikimedia.org/wikipedia/commons/8/8e/Quentin_Massys_-_Portrait_of_a_Man_-_National_Gallery_of_Scotland.jpg,https://commons.wikimedia.org/wiki/File:Quentin_Massys_-_Portrait_of_a_Man_-_National_Gallery_of_Scotland.jpg
https://upload.wikimedia.org/wikipedia/commons/0/0a/Quentin_Massys_009.jpg,https://commons.wikimedia.org/wiki/File:Quentin_Massys_009.jpg
https://upload.wikimedia.org/wikipedia/commons/b/b1/Raffaello_Madonna_Cowper.jpg,https://commons.wikimedia.org/wiki/File:Raffaello_Madonna_Cowper.jpg
https://upload.wikimedia.org/wikipedia/commons/7/79/Raphael_Coxie_-_Het_Laatste_Oordeel.JPG,https://commons.wikimedia.org/wiki/File:Raphael_Coxie_-_Het_Laatste_Oordeel.JPG
https://upload.wikimedia.org/wikipedia/commons/5/5c/Rest_on_the_Flight_into_Egypt.jpg,https://commons.wikimedia.org/wiki/File:Rest_on_the_Flight_into_Egypt.jpg
https://upload.wikimedia.org/wikipedia/commons/0/03/Saint_Cecilia_Michel_Coxcie.jpg,https://commons.wikimedia.org/wiki/File:Saint_Cecilia_Michel_Coxcie.jpg
https://upload.wikimedia.org/wikipedia/commons/a/a1/Saint_mammes_and_Duke_Alexander.jpg,https://commons.wikimedia.org/wiki/File:Saint_mammes_and_Duke_Alexander.jpg
https://upload.wikimedia.org/wikipedia/commons/6/64/Salvator_Mundi%2C_by_Albrecht_D%C3%BCrer%2C_MET.jpg,"https://commons.wikimedia.org/wiki/File:Salvator_Mundi,_by_Albrecht_D%C3%BCrer,_MET.jpg"
https://upload.wikimedia.org/wikipedia/commons/3/33/Self-portrait_with_the_Colosseum%2C_by_Maerten_van_Heemskerck.png,"https://commons.wikimedia.org/wiki/File:Self-portrait_with_the_Colosseum,_by_Maerten_van_Heemskerck.png"
https://upload.wikimedia.org/wikipedia/commons/c/c9/The_Card_Players_sc1065.jpg,https://commons.wikimedia.org/wiki/File:The_Card_Players_sc1065.jpg
https://upload.wikimedia.org/wikipedia/commons/0/0e/Tintoretto%2C_Jacopo_-_Christ_at_the_Sea_of_Galilee.jpg,"https://commons.wikimedia.org/wiki/File:Tintoretto,_Jacopo_-_Christ_at_the_Sea_of_Galilee.jpg"
https://upload.wikimedia.org/wikipedia/commons/1/1b/Tizian_toaleta_mlade_zeny.jpg,https://commons.wikimedia.org/wiki/File:Tizian_toaleta_mlade_zeny.jpg
https://upload.wikimedia.org/wikipedia/commons/a/a3/Tomyris-Castagno.jpg,https://commons.wikimedia.org/wiki/File:Tomyris-Castagno.jpg
https://upload.wikimedia.org/wikipedia/commons/d/d7/Valued_image_seal.svg,https://commons.wikimedia.org/wiki/File:Valued_image_seal.svg
https://upload.wikimedia.org/wikipedia/commons/7/7b/Venus_dormida.jpg,https://commons.wikimedia.org/wiki/File:Venus_dormida.jpg
https://upload.wikimedia.org/wikipedia/commons/b/b5/Vertumnus_%C3%A5rstidernas_gud_m%C3%A5lad_av_Giuseppe_Arcimboldo_1591_-_Skoklosters_slott_-_91503.tiff,https://commons.wikimedia.org/wiki/File:Vertumnus_%C3%A5rstidernas_gud_m%C3%A5lad_av_Giuseppe_Arcimboldo_1591_-_Skoklosters_slott_-_91503.tiff
https://upload.wikimedia.org/wikipedia/commons/f/f4/Vierge_au_jardinet%2C_Ma%C3%AEtre_rh%C3%A9nan_anonyme%2C_Mus%C3%A9e_de_l%27Oeuvre_Notre-Dame.jpg,"https://commons.wikimedia.org/wiki/File:Vierge_au_jardinet,_Ma%C3%AEtre_rh%C3%A9nan_anonyme,_Mus%C3%A9e_de_l%27Oeuvre_Notre-Dame.jpg"
https://upload.wikimedia.org/wikipedia/commons/4/44/Virgen_con_el_Ni%C3%B1o_%28Van_Orley%29.jpg,https://commons.wikimedia.org/wiki/File:Virgen_con_el_Ni%C3%B1o_(Van_Orley).jpg
https://upload.wikimedia.org/wikipedia/commons/0/04/Virgin_and_Child_with_Saints_Ambrosius_Benson.jpg,https://commons.wikimedia.org/wiki/File:Virgin_and_Child_with_Saints_Ambrosius_Benson.jpg
https://upload.wikimedia.org/wikipedia/commons/6/69/Workshop_of_Hans_Holbein_the_Younger_-_Portrait_of_Margaret_Wyatt%2C_Lady_Lee_%281540%29.jpg,"https://commons.wikimedia.org/wiki/File:Workshop_of_Hans_Holbein_the_Younger_-_Portrait_of_Margaret_Wyatt,_Lady_Lee_(1540).jpg"
https://upload.wikimedia.org/wikipedia/commons/5/51/091_Vincent_Van_Gogh_Portrait_de_l%27artiste.jpg,https://commons.wikimedia.org/wiki/File:091_Vincent_Van_Gogh_Portrait_de_l%27artiste.jpg
https://upload.wikimedia.org/wikipedia/commons/c/c8/An_Old_Man_Putting_Dry_Rice_on_the_Hearth_1881_Vincent_van_Gogh.jpg,https://commons.wikimedia.org/wiki/File:An_Old_Man_Putting_Dry_Rice_on_the_Hearth_1881_Vincent_van_Gogh.jpg
https://upload.wikimedia.org/wikipedia/commons/7/76/Basket_of_Potatoes_by_Vincent_Van_Gogh.jpg,https://commons.wikimedia.org/wiki/File:Basket_of_Potatoes_by_Vincent_Van_Gogh.jpg
https://upload.wikimedia.org/wikipedia/commons/8/8f/First_Steps%2C_after_Millet_MET_DP124808.jpg,"https://commons.wikimedia.org/wiki/File:First_Steps,_after_Millet_MET_DP124808.jpg"
https://upload.wikimedia.org/wikipedia/commons/b/b6/Gogh4.jpg,https://commons.wikimedia.org/wiki/File:Gogh4.jpg
https://upload.wikimedia.org/wikipedia/commons/d/dd/Gogh_Goupil%26Cie.jpg,https://commons.wikimedia.org/wiki/File:Gogh_Goupil%26Cie.jpg
https://upload.wikimedia.org/wikipedia/commons/4/43/Gogh_Ravoux_Auvers.jpg,https://commons.wikimedia.org/wiki/File:Gogh_Ravoux_Auvers.jpg
https://upload.wikimedia.org/wikipedia/commons/7/7f/Gogh_Saint-Paul-de_Mausole.jpg,https://commons.wikimedia.org/wiki/File:Gogh_Saint-Paul-de_Mausole.jpg
https://upload.wikimedia.org/wikipedia/commons/1/19/John_Peter_Russell%2C_Vincent_van_Gogh%2C_1886.jpg,"https://commons.wikimedia.org/wiki/File:John_Peter_Russell,_Vincent_van_Gogh,_1886.jpg"
https://upload.wikimedia.org/wikipedia/commons/9/9e/L%27%C3%A9glise_d%27Auvers-sur-Oise.jpg,https://commons.wikimedia.org/wiki/File:L%27%C3%A9glise_d%27Auvers-sur-Oise.jpg
https://upload.wikimedia.org/wikipedia/commons/2/27/Olivenb%C3%A4ume_in_der_Nacht_of_Van_Gogh.jpg,https://commons.wikimedia.org/wiki/File:Olivenb%C3%A4ume_in_der_Nacht_of_Van_Gogh.jpg
https://upload.wikimedia.org/wikipedia/commons/7/71/Paul_Gauguin_104.jpg,https://commons.wikimedia.org/wiki/File:Paul_Gauguin_104.jpg
https://upload.wikimedia.org/wikipedia/commons/4/4c/Paul_Signac_Maison_de_Van_Gogh_Arles_1933.jpg,https://commons.wikimedia.org/wiki/File:Paul_Signac_Maison_de_Van_Gogh_Arles_1933.jpg
https://upload.wikimedia.org/wikipedia/commons/7/7d/Peasant_and_peasant_woman_planting_potatoes_by_Vincent_Van_Gogh.jpg,https://commons.wikimedia.org/wiki/File:Peasant_and_peasant_woman_planting_potatoes_by_Vincent_Van_Gogh.jpg
https://upload.wikimedia.org/wikipedia/commons/6/65/Peasant_woman_peeling_potatoes_by_Vincent_Van_Gogh.jpg,https://commons.wikimedia.org/wiki/File:Peasant_woman_peeling_potatoes_by_Vincent_Van_Gogh.jpg
https://upload.wikimedia.org/wikipedia/commons/7/79/Portrait_of_Alexander_Reid.jpg,https://commons.wikimedia.org/wiki/File:Portrait_of_Alexander_Reid.jpg
https://upload.wikimedia.org/wikipedia/commons/1/1e/Portrait_of_Dr._Gachet.jpg,https://commons.wikimedia.org/wiki/File:Portrait_of_Dr._Gachet.jpg
https://upload.wikimedia.org/wikipedia/commons/3/35/Scarpe.jpg,https://commons.wikimedia.org/wiki/File:Scarpe.jpg
https://upload.wikimedia.org/wikipedia/commons/6/6b/SelbstPortrait_VG2.jpg,https://commons.wikimedia.org/wiki/File:SelbstPortrait_VG2.jpg
https://upload.wikimedia.org/wikipedia/commons/b/b7/Self-Portrait_in_Front_of_the_Easel17.jpg,https://commons.wikimedia.org/wiki/File:Self-Portrait_in_Front_of_the_Easel17.jpg
https://upload.wikimedia.org/wikipedia/commons/9/94/Starry_Night_Over_the_Rhone.jpg,https://commons.wikimedia.org/wiki/File:Starry_Night_Over_the_Rhone.jpg
https://upload.wikimedia.org/wikipedia/commons/c/cd/Still_Life_with_an_Earthen_Bowl_and_Potatoes_by_Vincent_van_Gogh.jpg,https://commons.wikimedia.org/wiki/File:Still_Life_with_an_Earthen_Bowl_and_Potatoes_by_Vincent_van_Gogh.jpg
https://upload.wikimedia.org/wikipedia/commons/2/28/Still_life_with_a_basket_of_vegetables_by_Vincent_Van_Gogh.jpg,https://commons.wikimedia.org/wiki/File:Still_life_with_a_basket_of_vegetables_by_Vincent_Van_Gogh.jpg
https://upload.wikimedia.org/wikipedia/commons/d/db/The_Potato_Eaters_-_Lithography_by_Vincent_van_Gogh.jpg,https://commons.wikimedia.org/wiki/File:The_Potato_Eaters_-_Lithography_by_Vincent_van_Gogh.jpg
https://upload.wikimedia.org/wikipedia/commons/5/5c/The_Potato_Eaters_-_Vincent_van_Gogh_-_.jpg,https://commons.wikimedia.org/wiki/File:The_Potato_Eaters_-_Vincent_van_Gogh_-_.jpg
https://upload.wikimedia.org/wikipedia/commons/9/9f/Toulouse-Lautrec_de_Henri_Vincent_van_Gogh_Sun.jpg,https://commons.wikimedia.org/wiki/File:Toulouse-Lautrec_de_Henri_Vincent_van_Gogh_Sun.jpg
https://upload.wikimedia.org/wikipedia/commons/b/b1/Van-willem-vincent-gogh-die-kartoffelesser-03850.jpg,https://commons.wikimedia.org/wiki/File:Van-willem-vincent-gogh-die-kartoffelesser-03850.jpg
https://upload.wikimedia.org/wikipedia/commons/8/89/VanGogh-Houses_Seen_from_the_Back.jpg,https://commons.wikimedia.org/wiki/File:VanGogh-Houses_Seen_from_the_Back.jpg
https://upload.wikimedia.org/wikipedia/commons/6/6a/VanGogh-Irises_1.jpg,https://commons.wikimedia.org/wiki/File:VanGogh-Irises_1.jpg
https://upload.wikimedia.org/wikipedia/commons/e/e0/VanGogh-Irises_2.jpg,https://commons.wikimedia.org/wiki/File:VanGogh-Irises_2.jpg
https://upload.wikimedia.org/wikipedia/commons/5/5c/VanGogh-Irises_3.jpg,https://commons.wikimedia.org/wiki/File:VanGogh-Irises_3.jpg
https://upload.wikimedia.org/wikipedia/commons/9/9f/VanGogh-View_of_Arles_with_Irises.jpg,https://commons.wikimedia.org/wiki/File:VanGogh-View_of_Arles_with_Irises.jpg
https://upload.wikimedia.org/wikipedia/commons/f/f0/VanGogh-self-portrait-with_bandaged_ear.jpg,https://commons.wikimedia.org/wiki/File:VanGogh-self-portrait-with_bandaged_ear.jpg
https://upload.wikimedia.org/wikipedia/commons/c/cd/VanGogh-starry_night.jpg,https://commons.wikimedia.org/wiki/File:VanGogh-starry_night.jpg
https://upload.wikimedia.org/wikipedia/commons/4/42/VanGogh-still-life-four_sunflowers.jpg,https://commons.wikimedia.org/wiki/File:VanGogh-still-life-four_sunflowers.jpg
https://upload.wikimedia.org/wikipedia/commons/c/c6/VanGogh.jpg,https://commons.wikimedia.org/wiki/File:VanGogh.jpg
https://upload.wikimedia.org/wikipedia/commons/3/38/VanGogh_1887_Selbstbildnis.jpg,https://commons.wikimedia.org/wiki/File:VanGogh_1887_Selbstbildnis.jpg
https://upload.wikimedia.org/wikipedia/commons/6/62/Van_Gogh_-_Blumentopf_mit_Aschenkraut.jpeg,https://commons.wikimedia.org/wiki/File:Van_Gogh_-_Blumentopf_mit_Aschenkraut.jpeg
https://upload.wikimedia.org/wikipedia/commons/2/2d/Van_Gogh_-_Pappelallee_bei_Nuenen.jpeg,https://commons.wikimedia.org/wiki/File:Van_Gogh_-_Pappelallee_bei_Nuenen.jpeg
https://upload.wikimedia.org/wikipedia/commons/5/5f/Van_Gogh_-_Portrait_of_Pere_Tanguy_1887-8.JPG,https://commons.wikimedia.org/wiki/File:Van_Gogh_-_Portrait_of_Pere_Tanguy_1887-8.JPG
https://upload.wikimedia.org/wikipedia/commons/3/30/Van_Gogh_-_Potato_planters_-_KM.jpg,https://commons.wikimedia.org/wiki/File:Van_Gogh_-_Potato_planters_-_KM.jpg
https://upload.wikimedia.org/wikipedia/commons/e/ee/Van_Gogh_-_Vase_mit_Nelken1.jpeg,https://commons.wikimedia.org/wiki/File:Van_Gogh_-_Vase_mit_Nelken1.jpeg
https://upload.wikimedia.org/wikipedia/commons/c/cd/Van_Gogh_Irises_in_NYC_partial.JPG,https://commons.wikimedia.org/wiki/File:Van_Gogh_Irises_in_NYC_partial.JPG
https://upload.wikimedia.org/wikipedia/commons/d/de/Van_Gogh_Starry_Night_Drawing.jpg,https://commons.wikimedia.org/wiki/File:Van_Gogh_Starry_Night_Drawing.jpg
https://upload.wikimedia.org/wikipedia/commons/7/7c/Van_Gogh_The_Night_Cafe.jpg,https://commons.wikimedia.org/wiki/File:Van_Gogh_The_Night_Cafe.jpg
https://upload.wikimedia.org/wikipedia/commons/8/8e/Van_Gogh_self-portrait_dedicated_to_Gauguin.jpg,https://commons.wikimedia.org/wiki/File:Van_Gogh_self-portrait_dedicated_to_Gauguin.jpg
https://upload.wikimedia.org/wikipedia/commons/b/b5/Vier_uitgebloeide_zonnebloemen.jpg,https://commons.wikimedia.org/wiki/File:Vier_uitgebloeide_zonnebloemen.jpg
https://upload.wikimedia.org/wikipedia/commons/4/49/VincentVanGoghArmandRoulin1888.jpg,https://commons.wikimedia.org/wiki/File:VincentVanGoghArmandRoulin1888.jpg
https://upload.wikimedia.org/wikipedia/commons/d/d7/VincentVanGoghDieArlesierin1890.jpg,https://commons.wikimedia.org/wiki/File:VincentVanGoghDieArlesierin1890.jpg
https://upload.wikimedia.org/wikipedia/commons/a/af/Vincent_Van_Gogh_-_The_Potato_Eaters.png,https://commons.wikimedia.org/wiki/File:Vincent_Van_Gogh_-_The_Potato_Eaters.png
https://upload.wikimedia.org/wikipedia/commons/0/0c/Vincent_Van_Gogh_0010.jpg,https://commons.wikimedia.org/wiki/File:Vincent_Van_Gogh_0010.jpg
https://upload.wikimedia.org/wikipedia/commons/3/3b/Vincent_Van_Gogh_0011.jpg,https://commons.wikimedia.org/wiki/File:Vincent_Van_Gogh_0011.jpg
https://upload.wikimedia.org/wikipedia/commons/a/a2/Vincent_Van_Gogh_0012.jpg,https://commons.wikimedia.org/wiki/File:Vincent_Van_Gogh_0012.jpg
https://upload.wikimedia.org/wikipedia/commons/0/07/Vincent_Van_Gogh_0013.jpg,https://commons.wikimedia.org/wiki/File:Vincent_Van_Gogh_0013.jpg
https://upload.wikimedia.org/wikipedia/commons/d/d5/Vincent_Van_Gogh_0014.jpg,https://commons.wikimedia.org/wiki/File:Vincent_Van_Gogh_0014.jpg
https://upload.wikimedia.org/wikipedia/commons/7/76/Vincent_Van_Gogh_0015.jpg,https://commons.wikimedia.org/wiki/File:Vincent_Van_Gogh_0015.jpg
https://upload.wikimedia.org/wikipedia/commons/1/11/Vincent_Van_Gogh_0016.jpg,https://commons.wikimedia.org/wiki/File:Vincent_Van_Gogh_0016.jpg
https://upload.wikimedia.org/wikipedia/commons/a/af/Vincent_Van_Gogh_0017.jpg,https://commons.wikimedia.org/wiki/File:Vincent_Van_Gogh_0017.jpg
https://upload.wikimedia.org/wikipedia/commons/9/95/Vincent_Van_Gogh_0018.jpg,https://commons.wikimedia.org/wiki/File:Vincent_Van_Gogh_0018.jpg
https://upload.wikimedia.org/wikipedia/commons/c/c8/Vincent_Van_Gogh_0019.jpg,https://commons.wikimedia.org/wiki/File:Vincent_Van_Gogh_0019.jpg
https://upload.wikimedia.org/wikipedia/commons/0/02/Vincent_Van_Gogh_0020.jpg,https://commons.wikimedia.org/wiki/File:Vincent_Van_Gogh_0020.jpg
https://upload.wikimedia.org/wikipedia/commons/2/2c/Vincent_Van_Gogh_0021.jpg,https://commons.wikimedia.org/wiki/File:Vincent_Van_Gogh_0021.jpg
https://upload.wikimedia.org/wikipedia/commons/2/2e/Vincent_Van_Gogh_0022.jpg,https://commons.wikimedia.org/wiki/File:Vincent_Van_Gogh_0022.jpg
https://upload.wikimedia.org/wikipedia/commons/e/e9/Vincent_Van_Gogh_0023.jpg,https://commons.wikimedia.org/wiki/File:Vincent_Van_Gogh_0023.jpg
https://upload.wikimedia.org/wikipedia/commons/4/45/Vincent_Van_Gogh_0024.jpg,https://commons.wikimedia.org/wiki/File:Vincent_Van_Gogh_0024.jpg
https://upload.wikimedia.org/wikipedia/commons/9/9e/Vincent_Van_Gogh_0025.jpg,https://commons.wikimedia.org/wiki/File:Vincent_Van_Gogh_0025.jpg
https://upload.wikimedia.org/wikipedia/commons/9/9e/Vincent_Willem_van_Gogh_037.jpg,https://commons.wikimedia.org/wiki/File:Vincent_Willem_van_Gogh_037.jpg
https://upload.wikimedia.org/wikipedia/commons/e/e1/Vincent_Willem_van_Gogh_087.jpg,https://commons.wikimedia.org/wiki/File:Vincent_Willem_van_Gogh_087.jpg
https://upload.wikimedia.org/wikipedia/commons/c/cf/Vincent_Willem_van_Gogh_098.jpg,https://commons.wikimedia.org/wiki/File:Vincent_Willem_van_Gogh_098.jpg
https://upload.wikimedia.org/wikipedia/commons/7/71/Vincent_Willem_van_Gogh_102.jpg,https://commons.wikimedia.org/wiki/File:Vincent_Willem_van_Gogh_102.jpg
https://upload.wikimedia.org/wikipedia/commons/a/a4/Vincent_Willem_van_Gogh_103.jpg,https://commons.wikimedia.org/wiki/File:Vincent_Willem_van_Gogh_103.jpg
https://upload.wikimedia.org/wikipedia/commons/a/a4/Vincent_Willem_van_Gogh_106.jpg,https://commons.wikimedia.org/wiki/File:Vincent_Willem_van_Gogh_106.jpg
https://upload.wikimedia.org/wikipedia/commons/6/60/Vincent_Willem_van_Gogh_107.jpg,https://commons.wikimedia.org/wiki/File:Vincent_Willem_van_Gogh_107.jpg
https://upload.wikimedia.org/wikipedia/commons/f/f7/Vincent_Willem_van_Gogh_108.jpg,https://commons.wikimedia.org/wiki/File:Vincent_Willem_van_Gogh_108.jpg
https://upload.wikimedia.org/wikipedia/commons/f/f8/Vincent_Willem_van_Gogh_110.jpg,https://commons.wikimedia.org/wiki/File:Vincent_Willem_van_Gogh_110.jpg
https://upload.wikimedia.org/wikipedia/commons/b/b4/Vincent_Willem_van_Gogh_128.jpg,https://commons.wikimedia.org/wiki/File:Vincent_Willem_van_Gogh_128.jpg
https://upload.wikimedia.org/wikipedia/commons/7/71/Vincent_van_Gogh%2C_Green_Wheat_Fields%2C_Auvers.jpg,"https://commons.wikimedia.org/wiki/File:Vincent_van_Gogh,_Green_Wheat_Fields,_Auvers.jpg"
https://upload.wikimedia.org/wikipedia/commons/2/2e/Vincent_van_Gogh%2C_Wheat_Field%2C_June_1888%2C_Oil_on_canvas.jpg,"https://commons.wikimedia.org/wiki/File:Vincent_van_Gogh,_Wheat_Field,_June_1888,_Oil_on_canvas.jpg"
https://upload.wikimedia.org/wikipedia/commons/4/47/Vincent_van_Gogh_%281853-1890%29_-_The_Old_Mill_%281888%29.jpg,https://commons.wikimedia.org/wiki/File:Vincent_van_Gogh_(1853-1890)_-_The_Old_Mill_(1888).jpg
https://upload.wikimedia.org/wikipedia/commons/c/c5/Vincent_van_Gogh_%281853-1890%29_-_The_Olive_Trees_%281889%29.jpg,https://commons.wikimedia.org/wiki/File:Vincent_van_Gogh_(1853-1890)_-_The_Olive_Trees_(1889).jpg
https://upload.wikimedia.org/wikipedia/commons/f/f3/Vincent_van_Gogh_%281853-1890%29_-_Wheat_Field_with_Crows_%281890%29.jpg,https://commons.wikimedia.org/wiki/File:Vincent_van_Gogh_(1853-1890)_-_Wheat_Field_with_Crows_(1890).jpg
https://upload.wikimedia.org/wikipedia/commons/6/68/Vincent_van_Gogh_-_Almond_blossom_-_Google_Art_Project.jpg,https://commons.wikimedia.org/wiki/File:Vincent_van_Gogh_-_Almond_blossom_-_Google_Art_Project.jpg
https://upload.wikimedia.org/wikipedia/commons/3/3c/Vincent_van_Gogh_-_Dr_Paul_Gachet_-_Google_Art_Project.jpg,https://commons.wikimedia.org/wiki/File:Vincent_van_Gogh_-_Dr_Paul_Gachet_-_Google_Art_Project.jpg
https://upload.wikimedia.org/wikipedia/commons/6/60/Vincent_van_Gogh_-_Field_with_Poppies_%281889%29.jpg,https://commons.wikimedia.org/wiki/File:Vincent_van_Gogh_-_Field_with_Poppies_(1889).jpg
https://upload.wikimedia.org/wikipedia/commons/7/7f/Vincent_van_Gogh_-_Le_Moulin_de_Blute-Fin.jpg,https://commons.wikimedia.org/wiki/File:Vincent_van_Gogh_-_Le_Moulin_de_Blute-Fin.jpg
https://upload.wikimedia.org/wikipedia/commons/3/3f/Vincent_van_Gogh_-_Le_Moulin_de_blute-fin%281886%29.jpg,https://commons.wikimedia.org/wiki/File:Vincent_van_Gogh_-_Le_Moulin_de_blute-fin(1886).jpg
https://upload.wikimedia.org/wikipedia/commons/3/32/Vincent_van_Gogh_-_National_Gallery_of_Art.JPG,https://commons.wikimedia.org/wiki/File:Vincent_van_Gogh_-_National_Gallery_of_Art.JPG
https://upload.wikimedia.org/wikipedia/commons/6/6f/Vincent_van_Gogh_-_Portrait_of_Joseph_Roulin_-_Google_Art_Project.jpg,https://commons.wikimedia.org/wiki/File:Vincent_van_Gogh_-_Portrait_of_Joseph_Roulin_-_Google_Art_Project.jpg
https://upload.wikimedia.org/wikipedia/commons/a/aa/Vincent_van_Gogh_-_Self-portrait_with_grey_felt_hat_-_Google_Art_Project.jpg,https://commons.wikimedia.org/wiki/File:Vincent_van_Gogh_-_Self-portrait_with_grey_felt_hat_-_Google_Art_Project.jpg
https://upload.wikimedia.org/wikipedia/commons/f/fe/Vincent_van_Gogh_0141.jpg,https://commons.wikimedia.org/wiki/File:Vincent_van_Gogh_0141.jpg
https://upload.wikimedia.org/wikipedia/commons/1/13/Yiddish_Flag.svg,https://commons.wikimedia.org/wiki/File:Woman_lifting_Potatoes_by_Vincent_Van_Gogh.jpg
https://upload.wikimedia.org/wikipedia/commons/8/8d/Zelfportret_als_schilder_-_s0022V1962_-_Van_Gogh_Museum.jpg,https://commons.wikimedia.org/wiki/File:Zelfportret_als_schilder_-_s0022V1962_-_Van_Gogh_Museum.jpg